2025-06-18 15:08:27,714 - NIDS - INFO - NIDS Model Training Starting...
2025-06-18 15:08:27,716 - NIDS - INFO - Model Type: ensemble
2025-06-18 15:08:27,716 - NIDS - INFO - Feature extractor initialized with window size: 100
2025-06-18 15:08:27,717 - NIDS - INFO - Packet capture initialized on interface: eth0
2025-06-18 15:08:27,717 - NIDS - INFO - Feature extractor initialized with window size: 100
2025-06-18 15:08:27,717 - NIDS - INFO - Initialized isolation_forest anomaly detector
2025-06-18 15:08:27,718 - NIDS - INFO - Initialized one_class_svm anomaly detector
2025-06-18 15:08:27,718 - NIDS - INFO - Initialized local_outlier_factor anomaly detector
2025-06-18 15:08:27,718 - NIDS - INFO - Initialized ensemble with 3 models
2025-06-18 15:08:27,719 - NIDS - INFO - NIDS Anomaly Detector initialized with ensemble model
2025-06-18 15:08:27,719 - NIDS - INFO - Generating synthetic training data...
2025-06-18 15:08:27,720 - NIDS - INFO - Samples: 2000, Anomaly ratio: 0.1
2025-06-18 15:08:27,753 - NIDS - INFO - Generated 2000 synthetic feature samples
2025-06-18 15:08:27,754 - NIDS - INFO - Created labels: 1196 anomalies out of 2000 samples
2025-06-18 15:08:27,755 - NIDS - INFO - Generated 2000 feature samples
2025-06-18 15:08:27,755 - NIDS - INFO - Labels: 1196 anomalies, 804 normal
2025-06-18 15:08:27,755 - NIDS - INFO - Training model...
2025-06-18 15:08:27,755 - NIDS - INFO - Starting model training...
2025-06-18 15:08:27,774 - NIDS - INFO - Updated feature normalization statistics
2025-06-18 15:08:27,774 - NIDS - INFO - Training isolation_forest...
2025-06-18 15:08:27,930 - NIDS - INFO - Model trained successfully with 2000 samples and 60 features
2025-06-18 15:08:27,931 - NIDS - INFO - Training one_class_svm...
2025-06-18 15:08:27,975 - NIDS - INFO - Model trained successfully with 2000 samples and 60 features
2025-06-18 15:08:27,976 - NIDS - INFO - Training local_outlier_factor...
2025-06-18 15:08:29,739 - NIDS - INFO - Model trained successfully with 2000 samples and 60 features
2025-06-18 15:08:29,817 - NIDS - INFO - Model evaluation - Accuracy: 0.436, F1: 0.192
2025-06-18 15:08:29,919 - NIDS - INFO - Model evaluation - Accuracy: 0.444, F1: 0.203
2025-06-18 15:08:30,088 - NIDS - INFO - Model evaluation - Accuracy: 0.446, F1: 0.206
2025-06-18 15:08:30,088 - NIDS - INFO - Optimized weights: {'isolation_forest': 0.3191248521133723, 'one_class_svm': 0.33793500830210804, 'local_outlier_factor': 0.3429401395845195}
2025-06-18 15:08:30,089 - NIDS - INFO - Ensemble training completed
2025-06-18 15:08:30,131 - NIDS - INFO - Model saved to models/nids_model_isolation_forest.pkl
2025-06-18 15:08:30,133 - NIDS - INFO - Model saved to models/nids_model_one_class_svm.pkl
2025-06-18 15:08:30,137 - NIDS - INFO - Model saved to models/nids_model_local_outlier_factor.pkl
2025-06-18 15:08:30,138 - NIDS - INFO - Ensemble saved to models/nids_model.pkl
2025-06-18 15:08:30,138 - NIDS - INFO - Model training completed successfully
2025-06-18 15:08:30,138 - NIDS - ERROR - Error during training: type object 'NIDSAnomalyDetector' has no attribute 'EnsembleAnomalyDetector'
2025-06-18 15:09:03,056 - NIDS - INFO - NIDS Model Training Starting...
2025-06-18 15:09:03,057 - NIDS - INFO - Model Type: ensemble
2025-06-18 15:09:03,057 - NIDS - INFO - Feature extractor initialized with window size: 100
2025-06-18 15:09:03,057 - NIDS - INFO - Packet capture initialized on interface: eth0
2025-06-18 15:09:03,057 - NIDS - INFO - Feature extractor initialized with window size: 100
2025-06-18 15:09:03,057 - NIDS - INFO - Initialized isolation_forest anomaly detector
2025-06-18 15:09:03,058 - NIDS - INFO - Initialized one_class_svm anomaly detector
2025-06-18 15:09:03,058 - NIDS - INFO - Initialized local_outlier_factor anomaly detector
2025-06-18 15:09:03,058 - NIDS - INFO - Initialized ensemble with 3 models
2025-06-18 15:09:03,058 - NIDS - INFO - NIDS Anomaly Detector initialized with ensemble model
2025-06-18 15:09:03,058 - NIDS - INFO - Generating synthetic training data...
2025-06-18 15:09:03,058 - NIDS - INFO - Samples: 1000, Anomaly ratio: 0.1
2025-06-18 15:09:03,074 - NIDS - INFO - Generated 1000 synthetic feature samples
2025-06-18 15:09:03,074 - NIDS - INFO - Created labels: 577 anomalies out of 1000 samples
2025-06-18 15:09:03,075 - NIDS - INFO - Generated 1000 feature samples
2025-06-18 15:09:03,075 - NIDS - INFO - Labels: 577 anomalies, 423 normal
2025-06-18 15:09:03,075 - NIDS - INFO - Training model...
2025-06-18 15:09:03,075 - NIDS - INFO - Starting model training...
2025-06-18 15:09:03,085 - NIDS - INFO - Updated feature normalization statistics
2025-06-18 15:09:03,085 - NIDS - INFO - Training isolation_forest...
2025-06-18 15:09:03,227 - NIDS - INFO - Model trained successfully with 1000 samples and 60 features
2025-06-18 15:09:03,227 - NIDS - INFO - Training one_class_svm...
2025-06-18 15:09:03,246 - NIDS - INFO - Model trained successfully with 1000 samples and 60 features
2025-06-18 15:09:03,246 - NIDS - INFO - Training local_outlier_factor...
2025-06-18 15:09:04,630 - NIDS - INFO - Model trained successfully with 1000 samples and 60 features
2025-06-18 15:09:04,683 - NIDS - INFO - Model evaluation - Accuracy: 0.453, F1: 0.192
2025-06-18 15:09:04,730 - NIDS - INFO - Model evaluation - Accuracy: 0.439, F1: 0.183
2025-06-18 15:09:04,778 - NIDS - INFO - Model evaluation - Accuracy: 0.461, F1: 0.204
2025-06-18 15:09:04,778 - NIDS - INFO - Optimized weights: {'isolation_forest': 0.33149232790682137, 'one_class_svm': 0.3166158163151683, 'local_outlier_factor': 0.35189185577801035}
2025-06-18 15:09:04,778 - NIDS - INFO - Ensemble training completed
2025-06-18 15:09:04,805 - NIDS - INFO - Model saved to models/nids_model_isolation_forest.pkl
2025-06-18 15:09:04,808 - NIDS - INFO - Model saved to models/nids_model_one_class_svm.pkl
2025-06-18 15:09:04,810 - NIDS - INFO - Model saved to models/nids_model_local_outlier_factor.pkl
2025-06-18 15:09:04,811 - NIDS - INFO - Ensemble saved to models/nids_model.pkl
2025-06-18 15:09:04,812 - NIDS - INFO - Model training completed successfully
2025-06-18 15:09:04,847 - NIDS - INFO - Model saved to models/nids_model_isolation_forest.pkl
2025-06-18 15:09:04,850 - NIDS - INFO - Model saved to models/nids_model_one_class_svm.pkl
2025-06-18 15:09:04,852 - NIDS - INFO - Model saved to models/nids_model_local_outlier_factor.pkl
2025-06-18 15:09:04,853 - NIDS - INFO - Ensemble saved to models/nids_model.pkl
2025-06-18 15:09:04,853 - NIDS - INFO - Model saved to: models/nids_model.pkl
2025-06-18 15:09:04,853 - NIDS - INFO - Training stats: {'isolation_forest': {'n_samples': 1000, 'n_features': 60, 'feature_names': ['packet_count', 'total_bytes', 'avg_packet_length', 'std_packet_length', 'min_packet_length', 'max_packet_length', 'avg_payload_size', 'std_payload_size', 'total_payload_size', 'tcp_count', 'udp_count', 'icmp_count', 'other_protocol_count', 'protocol_diversity', 'tcp_ratio', 'udp_ratio', 'icmp_ratio', 'other_protocol_ratio', 'unique_src_ports', 'unique_dst_ports', 'total_ports_accessed', 'common_port_ratio', 'high_port_ratio', 'avg_dst_port', 'std_dst_port', 'min_dst_port', 'max_dst_port', 'unique_connections', 'total_connection_attempts', 'avg_packets_per_connection', 'connection_diversity', 'max_packets_per_connection', 'unique_src_ips', 'unique_dst_ips', 'src_ip_diversity', 'dst_ip_diversity', 'private_src_ip_ratio', 'private_dst_ip_ratio', 'packet_rate', 'inter_arrival_time_mean', 'inter_arrival_time_std', 'burst_count', 'burst_ratio', 'payload_size_mean', 'payload_size_std', 'zero_payload_ratio', 'large_payload_ratio', 'payload_size_entropy', 'syn_count', 'fin_count', 'rst_count', 'psh_count', 'ack_count', 'urg_count', 'syn_ratio', 'fin_ratio', 'rst_ratio', 'psh_ratio', 'ack_ratio', 'urg_ratio'], 'training_date': '2025-06-18T15:09:03.227357'}, 'one_class_svm': {'n_samples': 1000, 'n_features': 60, 'feature_names': ['packet_count', 'total_bytes', 'avg_packet_length', 'std_packet_length', 'min_packet_length', 'max_packet_length', 'avg_payload_size', 'std_payload_size', 'total_payload_size', 'tcp_count', 'udp_count', 'icmp_count', 'other_protocol_count', 'protocol_diversity', 'tcp_ratio', 'udp_ratio', 'icmp_ratio', 'other_protocol_ratio', 'unique_src_ports', 'unique_dst_ports', 'total_ports_accessed', 'common_port_ratio', 'high_port_ratio', 'avg_dst_port', 'std_dst_port', 'min_dst_port', 'max_dst_port', 'unique_connections', 'total_connection_attempts', 'avg_packets_per_connection', 'connection_diversity', 'max_packets_per_connection', 'unique_src_ips', 'unique_dst_ips', 'src_ip_diversity', 'dst_ip_diversity', 'private_src_ip_ratio', 'private_dst_ip_ratio', 'packet_rate', 'inter_arrival_time_mean', 'inter_arrival_time_std', 'burst_count', 'burst_ratio', 'payload_size_mean', 'payload_size_std', 'zero_payload_ratio', 'large_payload_ratio', 'payload_size_entropy', 'syn_count', 'fin_count', 'rst_count', 'psh_count', 'ack_count', 'urg_count', 'syn_ratio', 'fin_ratio', 'rst_ratio', 'psh_ratio', 'ack_ratio', 'urg_ratio'], 'training_date': '2025-06-18T15:09:03.246318'}, 'local_outlier_factor': {'n_samples': 1000, 'n_features': 60, 'feature_names': ['packet_count', 'total_bytes', 'avg_packet_length', 'std_packet_length', 'min_packet_length', 'max_packet_length', 'avg_payload_size', 'std_payload_size', 'total_payload_size', 'tcp_count', 'udp_count', 'icmp_count', 'other_protocol_count', 'protocol_diversity', 'tcp_ratio', 'udp_ratio', 'icmp_ratio', 'other_protocol_ratio', 'unique_src_ports', 'unique_dst_ports', 'total_ports_accessed', 'common_port_ratio', 'high_port_ratio', 'avg_dst_port', 'std_dst_port', 'min_dst_port', 'max_dst_port', 'unique_connections', 'total_connection_attempts', 'avg_packets_per_connection', 'connection_diversity', 'max_packets_per_connection', 'unique_src_ips', 'unique_dst_ips', 'src_ip_diversity', 'dst_ip_diversity', 'private_src_ip_ratio', 'private_dst_ip_ratio', 'packet_rate', 'inter_arrival_time_mean', 'inter_arrival_time_std', 'burst_count', 'burst_ratio', 'payload_size_mean', 'payload_size_std', 'zero_payload_ratio', 'large_payload_ratio', 'payload_size_entropy', 'syn_count', 'fin_count', 'rst_count', 'psh_count', 'ack_count', 'urg_count', 'syn_ratio', 'fin_ratio', 'rst_ratio', 'psh_ratio', 'ack_ratio', 'urg_ratio'], 'training_date': '2025-06-18T15:09:04.630010'}}
2025-06-18 15:09:04,860 - NIDS - INFO - Evaluating model...
2025-06-18 15:09:04,862 - NIDS - INFO - Test set size: 200 samples
2025-06-18 15:09:04,863 - NIDS - INFO - Test anomalies: 115
2025-06-18 15:09:04,876 - NIDS - ERROR - Error making prediction: Expected n_neighbors < n_samples_fit, but n_neighbors = 1, n_samples_fit = 1, n_samples = 1
2025-06-18 15:09:04,885 - NIDS - ERROR - Error making prediction: Expected n_neighbors < n_samples_fit, but n_neighbors = 1, n_samples_fit = 1, n_samples = 1
2025-06-18 15:09:04,893 - NIDS - ERROR - Error making prediction: Expected n_neighbors < n_samples_fit, but n_neighbors = 1, n_samples_fit = 1, n_samples = 1
2025-06-18 15:09:04,901 - NIDS - ERROR - Error making prediction: Expected n_neighbors < n_samples_fit, but n_neighbors = 1, n_samples_fit = 1, n_samples = 1
2025-06-18 15:09:04,909 - NIDS - ERROR - Error making prediction: Expected n_neighbors < n_samples_fit, but n_neighbors = 1, n_samples_fit = 1, n_samples = 1
2025-06-18 15:09:04,918 - NIDS - ERROR - Error making prediction: Expected n_neighbors < n_samples_fit, but n_neighbors = 1, n_samples_fit = 1, n_samples = 1
2025-06-18 15:09:04,926 - NIDS - ERROR - Error making prediction: Expected n_neighbors < n_samples_fit, but n_neighbors = 1, n_samples_fit = 1, n_samples = 1
2025-06-18 15:09:04,933 - NIDS - ERROR - Error making prediction: Expected n_neighbors < n_samples_fit, but n_neighbors = 1, n_samples_fit = 1, n_samples = 1
2025-06-18 15:09:04,941 - NIDS - ERROR - Error making prediction: Expected n_neighbors < n_samples_fit, but n_neighbors = 1, n_samples_fit = 1, n_samples = 1
2025-06-18 15:09:04,949 - NIDS - ERROR - Error making prediction: Expected n_neighbors < n_samples_fit, but n_neighbors = 1, n_samples_fit = 1, n_samples = 1
2025-06-18 15:09:04,957 - NIDS - ERROR - Error making prediction: Expected n_neighbors < n_samples_fit, but n_neighbors = 1, n_samples_fit = 1, n_samples = 1
2025-06-18 15:09:04,966 - NIDS - ERROR - Error making prediction: Expected n_neighbors < n_samples_fit, but n_neighbors = 1, n_samples_fit = 1, n_samples = 1
2025-06-18 15:09:04,976 - NIDS - ERROR - Error making prediction: Expected n_neighbors < n_samples_fit, but n_neighbors = 1, n_samples_fit = 1, n_samples = 1
2025-06-18 15:09:04,984 - NIDS - ERROR - Error making prediction: Expected n_neighbors < n_samples_fit, but n_neighbors = 1, n_samples_fit = 1, n_samples = 1
2025-06-18 15:09:04,992 - NIDS - ERROR - Error making prediction: Expected n_neighbors < n_samples_fit, but n_neighbors = 1, n_samples_fit = 1, n_samples = 1
2025-06-18 15:09:05,007 - NIDS - ERROR - Error making prediction: Expected n_neighbors < n_samples_fit, but n_neighbors = 1, n_samples_fit = 1, n_samples = 1
2025-06-18 15:09:05,015 - NIDS - ERROR - Error making prediction: Expected n_neighbors < n_samples_fit, but n_neighbors = 1, n_samples_fit = 1, n_samples = 1
2025-06-18 15:09:05,023 - NIDS - ERROR - Error making prediction: Expected n_neighbors < n_samples_fit, but n_neighbors = 1, n_samples_fit = 1, n_samples = 1
2025-06-18 15:09:05,039 - NIDS - ERROR - Error making prediction: Expected n_neighbors < n_samples_fit, but n_neighbors = 1, n_samples_fit = 1, n_samples = 1
2025-06-18 15:09:05,054 - NIDS - ERROR - Error making prediction: Expected n_neighbors < n_samples_fit, but n_neighbors = 1, n_samples_fit = 1, n_samples = 1
2025-06-18 15:09:05,067 - NIDS - ERROR - Error making prediction: Expected n_neighbors < n_samples_fit, but n_neighbors = 1, n_samples_fit = 1, n_samples = 1
2025-06-18 15:09:05,078 - NIDS - ERROR - Error making prediction: Expected n_neighbors < n_samples_fit, but n_neighbors = 1, n_samples_fit = 1, n_samples = 1
2025-06-18 15:09:05,088 - NIDS - ERROR - Error making prediction: Expected n_neighbors < n_samples_fit, but n_neighbors = 1, n_samples_fit = 1, n_samples = 1
2025-06-18 15:09:05,100 - NIDS - ERROR - Error making prediction: Expected n_neighbors < n_samples_fit, but n_neighbors = 1, n_samples_fit = 1, n_samples = 1
2025-06-18 15:09:05,109 - NIDS - ERROR - Error making prediction: Expected n_neighbors < n_samples_fit, but n_neighbors = 1, n_samples_fit = 1, n_samples = 1
2025-06-18 15:09:05,117 - NIDS - ERROR - Error making prediction: Expected n_neighbors < n_samples_fit, but n_neighbors = 1, n_samples_fit = 1, n_samples = 1
2025-06-18 15:09:05,126 - NIDS - ERROR - Error making prediction: Expected n_neighbors < n_samples_fit, but n_neighbors = 1, n_samples_fit = 1, n_samples = 1
2025-06-18 15:09:05,134 - NIDS - ERROR - Error making prediction: Expected n_neighbors < n_samples_fit, but n_neighbors = 1, n_samples_fit = 1, n_samples = 1
2025-06-18 15:09:05,142 - NIDS - ERROR - Error making prediction: Expected n_neighbors < n_samples_fit, but n_neighbors = 1, n_samples_fit = 1, n_samples = 1
2025-06-18 15:09:05,150 - NIDS - ERROR - Error making prediction: Expected n_neighbors < n_samples_fit, but n_neighbors = 1, n_samples_fit = 1, n_samples = 1
2025-06-18 15:09:05,158 - NIDS - ERROR - Error making prediction: Expected n_neighbors < n_samples_fit, but n_neighbors = 1, n_samples_fit = 1, n_samples = 1
2025-06-18 15:09:05,166 - NIDS - ERROR - Error making prediction: Expected n_neighbors < n_samples_fit, but n_neighbors = 1, n_samples_fit = 1, n_samples = 1
2025-06-18 15:09:05,174 - NIDS - ERROR - Error making prediction: Expected n_neighbors < n_samples_fit, but n_neighbors = 1, n_samples_fit = 1, n_samples = 1
2025-06-18 15:09:05,182 - NIDS - ERROR - Error making prediction: Expected n_neighbors < n_samples_fit, but n_neighbors = 1, n_samples_fit = 1, n_samples = 1
2025-06-18 15:09:05,190 - NIDS - ERROR - Error making prediction: Expected n_neighbors < n_samples_fit, but n_neighbors = 1, n_samples_fit = 1, n_samples = 1
2025-06-18 15:09:05,198 - NIDS - ERROR - Error making prediction: Expected n_neighbors < n_samples_fit, but n_neighbors = 1, n_samples_fit = 1, n_samples = 1
2025-06-18 15:09:05,205 - NIDS - ERROR - Error making prediction: Expected n_neighbors < n_samples_fit, but n_neighbors = 1, n_samples_fit = 1, n_samples = 1
2025-06-18 15:09:05,214 - NIDS - ERROR - Error making prediction: Expected n_neighbors < n_samples_fit, but n_neighbors = 1, n_samples_fit = 1, n_samples = 1
2025-06-18 15:09:05,221 - NIDS - ERROR - Error making prediction: Expected n_neighbors < n_samples_fit, but n_neighbors = 1, n_samples_fit = 1, n_samples = 1
2025-06-18 15:09:05,230 - NIDS - ERROR - Error making prediction: Expected n_neighbors < n_samples_fit, but n_neighbors = 1, n_samples_fit = 1, n_samples = 1
2025-06-18 15:09:05,237 - NIDS - ERROR - Error making prediction: Expected n_neighbors < n_samples_fit, but n_neighbors = 1, n_samples_fit = 1, n_samples = 1
2025-06-18 15:09:05,246 - NIDS - ERROR - Error making prediction: Expected n_neighbors < n_samples_fit, but n_neighbors = 1, n_samples_fit = 1, n_samples = 1
2025-06-18 15:09:05,253 - NIDS - ERROR - Error making prediction: Expected n_neighbors < n_samples_fit, but n_neighbors = 1, n_samples_fit = 1, n_samples = 1
2025-06-18 15:09:05,261 - NIDS - ERROR - Error making prediction: Expected n_neighbors < n_samples_fit, but n_neighbors = 1, n_samples_fit = 1, n_samples = 1
2025-06-18 15:09:05,268 - NIDS - ERROR - Error making prediction: Expected n_neighbors < n_samples_fit, but n_neighbors = 1, n_samples_fit = 1, n_samples = 1
2025-06-18 15:09:05,278 - NIDS - ERROR - Error making prediction: Expected n_neighbors < n_samples_fit, but n_neighbors = 1, n_samples_fit = 1, n_samples = 1
2025-06-18 15:09:05,286 - NIDS - ERROR - Error making prediction: Expected n_neighbors < n_samples_fit, but n_neighbors = 1, n_samples_fit = 1, n_samples = 1
2025-06-18 15:09:05,294 - NIDS - ERROR - Error making prediction: Expected n_neighbors < n_samples_fit, but n_neighbors = 1, n_samples_fit = 1, n_samples = 1
2025-06-18 15:09:05,302 - NIDS - ERROR - Error making prediction: Expected n_neighbors < n_samples_fit, but n_neighbors = 1, n_samples_fit = 1, n_samples = 1
2025-06-18 15:09:05,311 - NIDS - ERROR - Error making prediction: Expected n_neighbors < n_samples_fit, but n_neighbors = 1, n_samples_fit = 1, n_samples = 1
2025-06-18 15:09:05,318 - NIDS - ERROR - Error making prediction: Expected n_neighbors < n_samples_fit, but n_neighbors = 1, n_samples_fit = 1, n_samples = 1
2025-06-18 15:09:05,326 - NIDS - ERROR - Error making prediction: Expected n_neighbors < n_samples_fit, but n_neighbors = 1, n_samples_fit = 1, n_samples = 1
2025-06-18 15:09:05,334 - NIDS - ERROR - Error making prediction: Expected n_neighbors < n_samples_fit, but n_neighbors = 1, n_samples_fit = 1, n_samples = 1
2025-06-18 15:09:05,342 - NIDS - ERROR - Error making prediction: Expected n_neighbors < n_samples_fit, but n_neighbors = 1, n_samples_fit = 1, n_samples = 1
2025-06-18 15:09:05,374 - NIDS - ERROR - Error making prediction: Expected n_neighbors < n_samples_fit, but n_neighbors = 1, n_samples_fit = 1, n_samples = 1
2025-06-18 15:09:05,382 - NIDS - ERROR - Error making prediction: Expected n_neighbors < n_samples_fit, but n_neighbors = 1, n_samples_fit = 1, n_samples = 1
2025-06-18 15:09:05,390 - NIDS - ERROR - Error making prediction: Expected n_neighbors < n_samples_fit, but n_neighbors = 1, n_samples_fit = 1, n_samples = 1
2025-06-18 15:09:05,398 - NIDS - ERROR - Error making prediction: Expected n_neighbors < n_samples_fit, but n_neighbors = 1, n_samples_fit = 1, n_samples = 1
2025-06-18 15:09:05,406 - NIDS - ERROR - Error making prediction: Expected n_neighbors < n_samples_fit, but n_neighbors = 1, n_samples_fit = 1, n_samples = 1
2025-06-18 15:09:05,414 - NIDS - ERROR - Error making prediction: Expected n_neighbors < n_samples_fit, but n_neighbors = 1, n_samples_fit = 1, n_samples = 1
2025-06-18 15:09:05,422 - NIDS - ERROR - Error making prediction: Expected n_neighbors < n_samples_fit, but n_neighbors = 1, n_samples_fit = 1, n_samples = 1
2025-06-18 15:09:05,430 - NIDS - ERROR - Error making prediction: Expected n_neighbors < n_samples_fit, but n_neighbors = 1, n_samples_fit = 1, n_samples = 1
2025-06-18 15:09:05,438 - NIDS - ERROR - Error making prediction: Expected n_neighbors < n_samples_fit, but n_neighbors = 1, n_samples_fit = 1, n_samples = 1
2025-06-18 15:09:05,446 - NIDS - ERROR - Error making prediction: Expected n_neighbors < n_samples_fit, but n_neighbors = 1, n_samples_fit = 1, n_samples = 1
2025-06-18 15:09:05,454 - NIDS - ERROR - Error making prediction: Expected n_neighbors < n_samples_fit, but n_neighbors = 1, n_samples_fit = 1, n_samples = 1
2025-06-18 15:09:05,461 - NIDS - ERROR - Error making prediction: Expected n_neighbors < n_samples_fit, but n_neighbors = 1, n_samples_fit = 1, n_samples = 1
2025-06-18 15:09:05,469 - NIDS - ERROR - Error making prediction: Expected n_neighbors < n_samples_fit, but n_neighbors = 1, n_samples_fit = 1, n_samples = 1
2025-06-18 15:09:05,514 - NIDS - ERROR - Error making prediction: Expected n_neighbors < n_samples_fit, but n_neighbors = 1, n_samples_fit = 1, n_samples = 1
2025-06-18 15:09:05,522 - NIDS - ERROR - Error making prediction: Expected n_neighbors < n_samples_fit, but n_neighbors = 1, n_samples_fit = 1, n_samples = 1
2025-06-18 15:09:05,530 - NIDS - ERROR - Error making prediction: Expected n_neighbors < n_samples_fit, but n_neighbors = 1, n_samples_fit = 1, n_samples = 1
2025-06-18 15:09:05,537 - NIDS - ERROR - Error making prediction: Expected n_neighbors < n_samples_fit, but n_neighbors = 1, n_samples_fit = 1, n_samples = 1
2025-06-18 15:09:05,545 - NIDS - ERROR - Error making prediction: Expected n_neighbors < n_samples_fit, but n_neighbors = 1, n_samples_fit = 1, n_samples = 1
2025-06-18 15:09:05,553 - NIDS - ERROR - Error making prediction: Expected n_neighbors < n_samples_fit, but n_neighbors = 1, n_samples_fit = 1, n_samples = 1
2025-06-18 15:09:05,560 - NIDS - ERROR - Error making prediction: Expected n_neighbors < n_samples_fit, but n_neighbors = 1, n_samples_fit = 1, n_samples = 1
2025-06-18 15:09:05,568 - NIDS - ERROR - Error making prediction: Expected n_neighbors < n_samples_fit, but n_neighbors = 1, n_samples_fit = 1, n_samples = 1
2025-06-18 15:09:05,576 - NIDS - ERROR - Error making prediction: Expected n_neighbors < n_samples_fit, but n_neighbors = 1, n_samples_fit = 1, n_samples = 1
2025-06-18 15:09:05,584 - NIDS - ERROR - Error making prediction: Expected n_neighbors < n_samples_fit, but n_neighbors = 1, n_samples_fit = 1, n_samples = 1
2025-06-18 15:09:05,591 - NIDS - ERROR - Error making prediction: Expected n_neighbors < n_samples_fit, but n_neighbors = 1, n_samples_fit = 1, n_samples = 1
2025-06-18 15:09:05,599 - NIDS - ERROR - Error making prediction: Expected n_neighbors < n_samples_fit, but n_neighbors = 1, n_samples_fit = 1, n_samples = 1
2025-06-18 15:09:05,606 - NIDS - ERROR - Error making prediction: Expected n_neighbors < n_samples_fit, but n_neighbors = 1, n_samples_fit = 1, n_samples = 1
2025-06-18 15:09:05,614 - NIDS - ERROR - Error making prediction: Expected n_neighbors < n_samples_fit, but n_neighbors = 1, n_samples_fit = 1, n_samples = 1
2025-06-18 15:09:05,622 - NIDS - ERROR - Error making prediction: Expected n_neighbors < n_samples_fit, but n_neighbors = 1, n_samples_fit = 1, n_samples = 1
2025-06-18 15:09:05,629 - NIDS - ERROR - Error making prediction: Expected n_neighbors < n_samples_fit, but n_neighbors = 1, n_samples_fit = 1, n_samples = 1
2025-06-18 15:09:05,638 - NIDS - ERROR - Error making prediction: Expected n_neighbors < n_samples_fit, but n_neighbors = 1, n_samples_fit = 1, n_samples = 1
2025-06-18 15:09:05,646 - NIDS - ERROR - Error making prediction: Expected n_neighbors < n_samples_fit, but n_neighbors = 1, n_samples_fit = 1, n_samples = 1
2025-06-18 15:09:05,653 - NIDS - ERROR - Error making prediction: Expected n_neighbors < n_samples_fit, but n_neighbors = 1, n_samples_fit = 1, n_samples = 1
2025-06-18 15:09:05,661 - NIDS - ERROR - Error making prediction: Expected n_neighbors < n_samples_fit, but n_neighbors = 1, n_samples_fit = 1, n_samples = 1
2025-06-18 15:09:05,669 - NIDS - ERROR - Error making prediction: Expected n_neighbors < n_samples_fit, but n_neighbors = 1, n_samples_fit = 1, n_samples = 1
2025-06-18 15:09:05,677 - NIDS - ERROR - Error making prediction: Expected n_neighbors < n_samples_fit, but n_neighbors = 1, n_samples_fit = 1, n_samples = 1
2025-06-18 15:09:05,684 - NIDS - ERROR - Error making prediction: Expected n_neighbors < n_samples_fit, but n_neighbors = 1, n_samples_fit = 1, n_samples = 1
2025-06-18 15:09:05,692 - NIDS - ERROR - Error making prediction: Expected n_neighbors < n_samples_fit, but n_neighbors = 1, n_samples_fit = 1, n_samples = 1
2025-06-18 15:09:05,700 - NIDS - ERROR - Error making prediction: Expected n_neighbors < n_samples_fit, but n_neighbors = 1, n_samples_fit = 1, n_samples = 1
2025-06-18 15:09:05,707 - NIDS - ERROR - Error making prediction: Expected n_neighbors < n_samples_fit, but n_neighbors = 1, n_samples_fit = 1, n_samples = 1
2025-06-18 15:09:05,716 - NIDS - ERROR - Error making prediction: Expected n_neighbors < n_samples_fit, but n_neighbors = 1, n_samples_fit = 1, n_samples = 1
2025-06-18 15:09:05,723 - NIDS - ERROR - Error making prediction: Expected n_neighbors < n_samples_fit, but n_neighbors = 1, n_samples_fit = 1, n_samples = 1
2025-06-18 15:09:05,732 - NIDS - ERROR - Error making prediction: Expected n_neighbors < n_samples_fit, but n_neighbors = 1, n_samples_fit = 1, n_samples = 1
2025-06-18 15:09:05,740 - NIDS - ERROR - Error making prediction: Expected n_neighbors < n_samples_fit, but n_neighbors = 1, n_samples_fit = 1, n_samples = 1
2025-06-18 15:09:05,748 - NIDS - ERROR - Error making prediction: Expected n_neighbors < n_samples_fit, but n_neighbors = 1, n_samples_fit = 1, n_samples = 1
2025-06-18 15:09:05,756 - NIDS - ERROR - Error making prediction: Expected n_neighbors < n_samples_fit, but n_neighbors = 1, n_samples_fit = 1, n_samples = 1
2025-06-18 15:09:05,764 - NIDS - ERROR - Error making prediction: Expected n_neighbors < n_samples_fit, but n_neighbors = 1, n_samples_fit = 1, n_samples = 1
2025-06-18 15:09:05,773 - NIDS - ERROR - Error making prediction: Expected n_neighbors < n_samples_fit, but n_neighbors = 1, n_samples_fit = 1, n_samples = 1
2025-06-18 15:09:05,780 - NIDS - ERROR - Error making prediction: Expected n_neighbors < n_samples_fit, but n_neighbors = 1, n_samples_fit = 1, n_samples = 1
2025-06-18 15:09:05,789 - NIDS - ERROR - Error making prediction: Expected n_neighbors < n_samples_fit, but n_neighbors = 1, n_samples_fit = 1, n_samples = 1
2025-06-18 15:09:05,796 - NIDS - ERROR - Error making prediction: Expected n_neighbors < n_samples_fit, but n_neighbors = 1, n_samples_fit = 1, n_samples = 1
2025-06-18 15:09:05,805 - NIDS - ERROR - Error making prediction: Expected n_neighbors < n_samples_fit, but n_neighbors = 1, n_samples_fit = 1, n_samples = 1
2025-06-18 15:09:05,812 - NIDS - ERROR - Error making prediction: Expected n_neighbors < n_samples_fit, but n_neighbors = 1, n_samples_fit = 1, n_samples = 1
2025-06-18 15:09:05,820 - NIDS - ERROR - Error making prediction: Expected n_neighbors < n_samples_fit, but n_neighbors = 1, n_samples_fit = 1, n_samples = 1
2025-06-18 15:09:05,828 - NIDS - ERROR - Error making prediction: Expected n_neighbors < n_samples_fit, but n_neighbors = 1, n_samples_fit = 1, n_samples = 1
2025-06-18 15:09:05,836 - NIDS - ERROR - Error making prediction: Expected n_neighbors < n_samples_fit, but n_neighbors = 1, n_samples_fit = 1, n_samples = 1
2025-06-18 15:09:05,844 - NIDS - ERROR - Error making prediction: Expected n_neighbors < n_samples_fit, but n_neighbors = 1, n_samples_fit = 1, n_samples = 1
2025-06-18 15:09:05,852 - NIDS - ERROR - Error making prediction: Expected n_neighbors < n_samples_fit, but n_neighbors = 1, n_samples_fit = 1, n_samples = 1
2025-06-18 15:09:05,860 - NIDS - ERROR - Error making prediction: Expected n_neighbors < n_samples_fit, but n_neighbors = 1, n_samples_fit = 1, n_samples = 1
2025-06-18 15:09:05,868 - NIDS - ERROR - Error making prediction: Expected n_neighbors < n_samples_fit, but n_neighbors = 1, n_samples_fit = 1, n_samples = 1
2025-06-18 15:09:05,876 - NIDS - ERROR - Error making prediction: Expected n_neighbors < n_samples_fit, but n_neighbors = 1, n_samples_fit = 1, n_samples = 1
2025-06-18 15:09:05,884 - NIDS - ERROR - Error making prediction: Expected n_neighbors < n_samples_fit, but n_neighbors = 1, n_samples_fit = 1, n_samples = 1
2025-06-18 15:09:05,893 - NIDS - ERROR - Error making prediction: Expected n_neighbors < n_samples_fit, but n_neighbors = 1, n_samples_fit = 1, n_samples = 1
2025-06-18 15:09:05,902 - NIDS - ERROR - Error making prediction: Expected n_neighbors < n_samples_fit, but n_neighbors = 1, n_samples_fit = 1, n_samples = 1
2025-06-18 15:09:05,909 - NIDS - ERROR - Error making prediction: Expected n_neighbors < n_samples_fit, but n_neighbors = 1, n_samples_fit = 1, n_samples = 1
2025-06-18 15:09:05,918 - NIDS - ERROR - Error making prediction: Expected n_neighbors < n_samples_fit, but n_neighbors = 1, n_samples_fit = 1, n_samples = 1
2025-06-18 15:09:05,925 - NIDS - ERROR - Error making prediction: Expected n_neighbors < n_samples_fit, but n_neighbors = 1, n_samples_fit = 1, n_samples = 1
2025-06-18 15:09:05,934 - NIDS - ERROR - Error making prediction: Expected n_neighbors < n_samples_fit, but n_neighbors = 1, n_samples_fit = 1, n_samples = 1
2025-06-18 15:09:05,941 - NIDS - ERROR - Error making prediction: Expected n_neighbors < n_samples_fit, but n_neighbors = 1, n_samples_fit = 1, n_samples = 1
2025-06-18 15:09:05,949 - NIDS - ERROR - Error making prediction: Expected n_neighbors < n_samples_fit, but n_neighbors = 1, n_samples_fit = 1, n_samples = 1
2025-06-18 15:09:05,956 - NIDS - ERROR - Error making prediction: Expected n_neighbors < n_samples_fit, but n_neighbors = 1, n_samples_fit = 1, n_samples = 1
2025-06-18 15:09:05,965 - NIDS - ERROR - Error making prediction: Expected n_neighbors < n_samples_fit, but n_neighbors = 1, n_samples_fit = 1, n_samples = 1
2025-06-18 15:09:05,972 - NIDS - ERROR - Error making prediction: Expected n_neighbors < n_samples_fit, but n_neighbors = 1, n_samples_fit = 1, n_samples = 1
2025-06-18 15:09:05,981 - NIDS - ERROR - Error making prediction: Expected n_neighbors < n_samples_fit, but n_neighbors = 1, n_samples_fit = 1, n_samples = 1
2025-06-18 15:09:05,991 - NIDS - ERROR - Error making prediction: Expected n_neighbors < n_samples_fit, but n_neighbors = 1, n_samples_fit = 1, n_samples = 1
2025-06-18 15:09:06,002 - NIDS - ERROR - Error making prediction: Expected n_neighbors < n_samples_fit, but n_neighbors = 1, n_samples_fit = 1, n_samples = 1
2025-06-18 15:09:06,011 - NIDS - ERROR - Error making prediction: Expected n_neighbors < n_samples_fit, but n_neighbors = 1, n_samples_fit = 1, n_samples = 1
2025-06-18 15:09:06,019 - NIDS - ERROR - Error making prediction: Expected n_neighbors < n_samples_fit, but n_neighbors = 1, n_samples_fit = 1, n_samples = 1
2025-06-18 15:09:06,027 - NIDS - ERROR - Error making prediction: Expected n_neighbors < n_samples_fit, but n_neighbors = 1, n_samples_fit = 1, n_samples = 1
2025-06-18 15:09:06,035 - NIDS - ERROR - Error making prediction: Expected n_neighbors < n_samples_fit, but n_neighbors = 1, n_samples_fit = 1, n_samples = 1
2025-06-18 15:09:06,043 - NIDS - ERROR - Error making prediction: Expected n_neighbors < n_samples_fit, but n_neighbors = 1, n_samples_fit = 1, n_samples = 1
2025-06-18 15:09:06,050 - NIDS - ERROR - Error making prediction: Expected n_neighbors < n_samples_fit, but n_neighbors = 1, n_samples_fit = 1, n_samples = 1
2025-06-18 15:09:06,058 - NIDS - ERROR - Error making prediction: Expected n_neighbors < n_samples_fit, but n_neighbors = 1, n_samples_fit = 1, n_samples = 1
2025-06-18 15:09:06,066 - NIDS - ERROR - Error making prediction: Expected n_neighbors < n_samples_fit, but n_neighbors = 1, n_samples_fit = 1, n_samples = 1
2025-06-18 15:09:06,074 - NIDS - ERROR - Error making prediction: Expected n_neighbors < n_samples_fit, but n_neighbors = 1, n_samples_fit = 1, n_samples = 1
2025-06-18 15:09:06,081 - NIDS - ERROR - Error making prediction: Expected n_neighbors < n_samples_fit, but n_neighbors = 1, n_samples_fit = 1, n_samples = 1
2025-06-18 15:09:06,090 - NIDS - ERROR - Error making prediction: Expected n_neighbors < n_samples_fit, but n_neighbors = 1, n_samples_fit = 1, n_samples = 1
2025-06-18 15:09:06,097 - NIDS - ERROR - Error making prediction: Expected n_neighbors < n_samples_fit, but n_neighbors = 1, n_samples_fit = 1, n_samples = 1
2025-06-18 15:09:06,105 - NIDS - ERROR - Error making prediction: Expected n_neighbors < n_samples_fit, but n_neighbors = 1, n_samples_fit = 1, n_samples = 1
2025-06-18 15:09:06,113 - NIDS - ERROR - Error making prediction: Expected n_neighbors < n_samples_fit, but n_neighbors = 1, n_samples_fit = 1, n_samples = 1
2025-06-18 15:09:06,121 - NIDS - ERROR - Error making prediction: Expected n_neighbors < n_samples_fit, but n_neighbors = 1, n_samples_fit = 1, n_samples = 1
2025-06-18 15:09:06,129 - NIDS - ERROR - Error making prediction: Expected n_neighbors < n_samples_fit, but n_neighbors = 1, n_samples_fit = 1, n_samples = 1
2025-06-18 15:09:06,137 - NIDS - ERROR - Error making prediction: Expected n_neighbors < n_samples_fit, but n_neighbors = 1, n_samples_fit = 1, n_samples = 1
2025-06-18 15:09:06,144 - NIDS - ERROR - Error making prediction: Expected n_neighbors < n_samples_fit, but n_neighbors = 1, n_samples_fit = 1, n_samples = 1
2025-06-18 15:09:06,153 - NIDS - ERROR - Error making prediction: Expected n_neighbors < n_samples_fit, but n_neighbors = 1, n_samples_fit = 1, n_samples = 1
2025-06-18 15:09:06,161 - NIDS - ERROR - Error making prediction: Expected n_neighbors < n_samples_fit, but n_neighbors = 1, n_samples_fit = 1, n_samples = 1
2025-06-18 15:09:06,168 - NIDS - ERROR - Error making prediction: Expected n_neighbors < n_samples_fit, but n_neighbors = 1, n_samples_fit = 1, n_samples = 1
2025-06-18 15:09:06,176 - NIDS - ERROR - Error making prediction: Expected n_neighbors < n_samples_fit, but n_neighbors = 1, n_samples_fit = 1, n_samples = 1
2025-06-18 15:09:06,185 - NIDS - ERROR - Error making prediction: Expected n_neighbors < n_samples_fit, but n_neighbors = 1, n_samples_fit = 1, n_samples = 1
2025-06-18 15:09:06,193 - NIDS - ERROR - Error making prediction: Expected n_neighbors < n_samples_fit, but n_neighbors = 1, n_samples_fit = 1, n_samples = 1
2025-06-18 15:09:06,201 - NIDS - ERROR - Error making prediction: Expected n_neighbors < n_samples_fit, but n_neighbors = 1, n_samples_fit = 1, n_samples = 1
2025-06-18 15:09:06,209 - NIDS - ERROR - Error making prediction: Expected n_neighbors < n_samples_fit, but n_neighbors = 1, n_samples_fit = 1, n_samples = 1
2025-06-18 15:09:06,217 - NIDS - ERROR - Error making prediction: Expected n_neighbors < n_samples_fit, but n_neighbors = 1, n_samples_fit = 1, n_samples = 1
2025-06-18 15:09:06,225 - NIDS - ERROR - Error making prediction: Expected n_neighbors < n_samples_fit, but n_neighbors = 1, n_samples_fit = 1, n_samples = 1
2025-06-18 15:09:06,233 - NIDS - ERROR - Error making prediction: Expected n_neighbors < n_samples_fit, but n_neighbors = 1, n_samples_fit = 1, n_samples = 1
2025-06-18 15:09:06,241 - NIDS - ERROR - Error making prediction: Expected n_neighbors < n_samples_fit, but n_neighbors = 1, n_samples_fit = 1, n_samples = 1
2025-06-18 15:09:06,248 - NIDS - ERROR - Error making prediction: Expected n_neighbors < n_samples_fit, but n_neighbors = 1, n_samples_fit = 1, n_samples = 1
2025-06-18 15:09:06,256 - NIDS - ERROR - Error making prediction: Expected n_neighbors < n_samples_fit, but n_neighbors = 1, n_samples_fit = 1, n_samples = 1
2025-06-18 15:09:06,263 - NIDS - ERROR - Error making prediction: Expected n_neighbors < n_samples_fit, but n_neighbors = 1, n_samples_fit = 1, n_samples = 1
2025-06-18 15:09:06,271 - NIDS - ERROR - Error making prediction: Expected n_neighbors < n_samples_fit, but n_neighbors = 1, n_samples_fit = 1, n_samples = 1
2025-06-18 15:09:06,280 - NIDS - ERROR - Error making prediction: Expected n_neighbors < n_samples_fit, but n_neighbors = 1, n_samples_fit = 1, n_samples = 1
2025-06-18 15:09:06,288 - NIDS - ERROR - Error making prediction: Expected n_neighbors < n_samples_fit, but n_neighbors = 1, n_samples_fit = 1, n_samples = 1
2025-06-18 15:09:06,296 - NIDS - ERROR - Error making prediction: Expected n_neighbors < n_samples_fit, but n_neighbors = 1, n_samples_fit = 1, n_samples = 1
2025-06-18 15:09:06,304 - NIDS - ERROR - Error making prediction: Expected n_neighbors < n_samples_fit, but n_neighbors = 1, n_samples_fit = 1, n_samples = 1
2025-06-18 15:09:06,312 - NIDS - ERROR - Error making prediction: Expected n_neighbors < n_samples_fit, but n_neighbors = 1, n_samples_fit = 1, n_samples = 1
2025-06-18 15:09:06,320 - NIDS - ERROR - Error making prediction: Expected n_neighbors < n_samples_fit, but n_neighbors = 1, n_samples_fit = 1, n_samples = 1
2025-06-18 15:09:06,328 - NIDS - ERROR - Error making prediction: Expected n_neighbors < n_samples_fit, but n_neighbors = 1, n_samples_fit = 1, n_samples = 1
2025-06-18 15:09:06,336 - NIDS - ERROR - Error making prediction: Expected n_neighbors < n_samples_fit, but n_neighbors = 1, n_samples_fit = 1, n_samples = 1
2025-06-18 15:09:06,344 - NIDS - ERROR - Error making prediction: Expected n_neighbors < n_samples_fit, but n_neighbors = 1, n_samples_fit = 1, n_samples = 1
2025-06-18 15:09:06,351 - NIDS - ERROR - Error making prediction: Expected n_neighbors < n_samples_fit, but n_neighbors = 1, n_samples_fit = 1, n_samples = 1
2025-06-18 15:09:06,359 - NIDS - ERROR - Error making prediction: Expected n_neighbors < n_samples_fit, but n_neighbors = 1, n_samples_fit = 1, n_samples = 1
2025-06-18 15:09:06,367 - NIDS - ERROR - Error making prediction: Expected n_neighbors < n_samples_fit, but n_neighbors = 1, n_samples_fit = 1, n_samples = 1
2025-06-18 15:09:06,375 - NIDS - ERROR - Error making prediction: Expected n_neighbors < n_samples_fit, but n_neighbors = 1, n_samples_fit = 1, n_samples = 1
2025-06-18 15:09:06,383 - NIDS - ERROR - Error making prediction: Expected n_neighbors < n_samples_fit, but n_neighbors = 1, n_samples_fit = 1, n_samples = 1
2025-06-18 15:09:06,391 - NIDS - ERROR - Error making prediction: Expected n_neighbors < n_samples_fit, but n_neighbors = 1, n_samples_fit = 1, n_samples = 1
2025-06-18 15:09:06,400 - NIDS - ERROR - Error making prediction: Expected n_neighbors < n_samples_fit, but n_neighbors = 1, n_samples_fit = 1, n_samples = 1
2025-06-18 15:09:06,408 - NIDS - ERROR - Error making prediction: Expected n_neighbors < n_samples_fit, but n_neighbors = 1, n_samples_fit = 1, n_samples = 1
2025-06-18 15:09:06,416 - NIDS - ERROR - Error making prediction: Expected n_neighbors < n_samples_fit, but n_neighbors = 1, n_samples_fit = 1, n_samples = 1
2025-06-18 15:09:06,424 - NIDS - ERROR - Error making prediction: Expected n_neighbors < n_samples_fit, but n_neighbors = 1, n_samples_fit = 1, n_samples = 1
2025-06-18 15:09:06,432 - NIDS - ERROR - Error making prediction: Expected n_neighbors < n_samples_fit, but n_neighbors = 1, n_samples_fit = 1, n_samples = 1
2025-06-18 15:09:06,440 - NIDS - ERROR - Error making prediction: Expected n_neighbors < n_samples_fit, but n_neighbors = 1, n_samples_fit = 1, n_samples = 1
2025-06-18 15:09:06,448 - NIDS - ERROR - Error making prediction: Expected n_neighbors < n_samples_fit, but n_neighbors = 1, n_samples_fit = 1, n_samples = 1
2025-06-18 15:09:06,456 - NIDS - ERROR - Error making prediction: Expected n_neighbors < n_samples_fit, but n_neighbors = 1, n_samples_fit = 1, n_samples = 1
2025-06-18 15:09:06,464 - NIDS - ERROR - Error making prediction: Expected n_neighbors < n_samples_fit, but n_neighbors = 1, n_samples_fit = 1, n_samples = 1
2025-06-18 15:09:06,472 - NIDS - ERROR - Error making prediction: Expected n_neighbors < n_samples_fit, but n_neighbors = 1, n_samples_fit = 1, n_samples = 1
2025-06-18 15:09:06,481 - NIDS - ERROR - Error making prediction: Expected n_neighbors < n_samples_fit, but n_neighbors = 1, n_samples_fit = 1, n_samples = 1
2025-06-18 15:09:06,489 - NIDS - ERROR - Error making prediction: Expected n_neighbors < n_samples_fit, but n_neighbors = 1, n_samples_fit = 1, n_samples = 1
2025-06-18 15:09:06,497 - NIDS - ERROR - Error making prediction: Expected n_neighbors < n_samples_fit, but n_neighbors = 1, n_samples_fit = 1, n_samples = 1
2025-06-18 15:09:06,504 - NIDS - ERROR - Error making prediction: Expected n_neighbors < n_samples_fit, but n_neighbors = 1, n_samples_fit = 1, n_samples = 1
2025-06-18 15:09:06,512 - NIDS - ERROR - Error making prediction: Expected n_neighbors < n_samples_fit, but n_neighbors = 1, n_samples_fit = 1, n_samples = 1
2025-06-18 15:09:06,527 - NIDS - ERROR - Error making prediction: Expected n_neighbors < n_samples_fit, but n_neighbors = 1, n_samples_fit = 1, n_samples = 1
2025-06-18 15:09:06,534 - NIDS - ERROR - Error making prediction: Expected n_neighbors < n_samples_fit, but n_neighbors = 1, n_samples_fit = 1, n_samples = 1
2025-06-18 15:09:06,543 - NIDS - ERROR - Error making prediction: Expected n_neighbors < n_samples_fit, but n_neighbors = 1, n_samples_fit = 1, n_samples = 1
2025-06-18 15:09:06,551 - NIDS - ERROR - Error making prediction: Expected n_neighbors < n_samples_fit, but n_neighbors = 1, n_samples_fit = 1, n_samples = 1
2025-06-18 15:09:06,559 - NIDS - ERROR - Error making prediction: Expected n_neighbors < n_samples_fit, but n_neighbors = 1, n_samples_fit = 1, n_samples = 1
2025-06-18 15:09:06,567 - NIDS - ERROR - Error making prediction: Expected n_neighbors < n_samples_fit, but n_neighbors = 1, n_samples_fit = 1, n_samples = 1
2025-06-18 15:09:06,574 - NIDS - ERROR - Error making prediction: Expected n_neighbors < n_samples_fit, but n_neighbors = 1, n_samples_fit = 1, n_samples = 1
2025-06-18 15:09:06,579 - NIDS - INFO - Ensemble evaluation - Accuracy: 0.415, F1: 0.017
2025-06-18 15:09:06,579 - NIDS - INFO - Model Evaluation Results:
2025-06-18 15:09:06,580 - NIDS - INFO - Accuracy: 0.415
2025-06-18 15:09:06,580 - NIDS - INFO - Precision: 0.250
2025-06-18 15:09:06,580 - NIDS - INFO - Recall: 0.009
2025-06-18 15:09:06,580 - NIDS - INFO - F1-Score: 0.017
2025-06-18 15:09:06,581 - NIDS - INFO - Confusion Matrix:
2025-06-18 15:09:06,581 - NIDS - INFO -   TN: 82, FP: 3
2025-06-18 15:09:06,581 - NIDS - INFO -   FN: 114, TP: 1
2025-06-18 15:09:06,611 - NIDS - INFO - Training completed successfully!
2025-06-18 15:11:20,581 - NIDS - INFO - NIDS Model Training Starting...
2025-06-18 15:11:20,581 - NIDS - INFO - Model Type: ensemble
2025-06-18 15:11:20,581 - NIDS - INFO - Feature extractor initialized with window size: 100
2025-06-18 15:11:20,582 - NIDS - INFO - Packet capture initialized on interface: eth0
2025-06-18 15:11:20,582 - NIDS - INFO - Feature extractor initialized with window size: 100
2025-06-18 15:11:20,582 - NIDS - INFO - Initialized isolation_forest anomaly detector
2025-06-18 15:11:20,582 - NIDS - INFO - Initialized one_class_svm anomaly detector
2025-06-18 15:11:20,582 - NIDS - INFO - Initialized local_outlier_factor anomaly detector
2025-06-18 15:11:20,582 - NIDS - INFO - Initialized ensemble with 3 models
2025-06-18 15:11:20,583 - NIDS - INFO - NIDS Anomaly Detector initialized with ensemble model
2025-06-18 15:11:20,583 - NIDS - INFO - Generating synthetic training data...
2025-06-18 15:11:20,583 - NIDS - INFO - Samples: 2000, Anomaly ratio: 0.1
2025-06-18 15:11:20,614 - NIDS - INFO - Generated 2000 synthetic feature samples
2025-06-18 15:11:20,616 - NIDS - INFO - Created labels: 200 anomalies out of 2000 samples
2025-06-18 15:11:20,616 - NIDS - INFO - Generated 2000 feature samples
2025-06-18 15:11:20,617 - NIDS - INFO - Labels: 200 anomalies, 1800 normal
2025-06-18 15:11:20,617 - NIDS - INFO - Training model...
2025-06-18 15:11:20,617 - NIDS - INFO - Starting model training...
2025-06-18 15:11:20,634 - NIDS - INFO - Updated feature normalization statistics
2025-06-18 15:11:20,634 - NIDS - INFO - Training isolation_forest...
2025-06-18 15:11:20,787 - NIDS - INFO - Model trained successfully with 2000 samples and 60 features
2025-06-18 15:11:20,788 - NIDS - INFO - Training one_class_svm...
2025-06-18 15:11:20,830 - NIDS - INFO - Model trained successfully with 2000 samples and 60 features
2025-06-18 15:11:20,831 - NIDS - INFO - Training local_outlier_factor...
2025-06-18 15:11:22,349 - NIDS - INFO - Model trained successfully with 2000 samples and 60 features
2025-06-18 15:11:22,438 - NIDS - INFO - Model evaluation - Accuracy: 0.822, F1: 0.110
2025-06-18 15:11:22,535 - NIDS - INFO - Model evaluation - Accuracy: 0.828, F1: 0.122
2025-06-18 15:11:22,684 - NIDS - INFO - Model evaluation - Accuracy: 0.822, F1: 0.110
2025-06-18 15:11:22,684 - NIDS - INFO - Optimized weights: {'isolation_forest': 0.32121573301549466, 'one_class_svm': 0.3575685339690107, 'local_outlier_factor': 0.32121573301549466}
2025-06-18 15:11:22,685 - NIDS - INFO - Ensemble training completed
2025-06-18 15:11:22,712 - NIDS - INFO - Model saved to models/nids_model_isolation_forest.pkl
2025-06-18 15:11:22,714 - NIDS - INFO - Model saved to models/nids_model_one_class_svm.pkl
2025-06-18 15:11:22,716 - NIDS - INFO - Model saved to models/nids_model_local_outlier_factor.pkl
2025-06-18 15:11:22,717 - NIDS - INFO - Ensemble saved to models/nids_model.pkl
2025-06-18 15:11:22,717 - NIDS - INFO - Model training completed successfully
2025-06-18 15:11:22,749 - NIDS - INFO - Model saved to models/nids_model_isolation_forest.pkl
2025-06-18 15:11:22,751 - NIDS - INFO - Model saved to models/nids_model_one_class_svm.pkl
2025-06-18 15:11:22,754 - NIDS - INFO - Model saved to models/nids_model_local_outlier_factor.pkl
2025-06-18 15:11:22,755 - NIDS - INFO - Ensemble saved to models/nids_model.pkl
2025-06-18 15:11:22,755 - NIDS - INFO - Model saved to: models/nids_model.pkl
2025-06-18 15:11:22,755 - NIDS - INFO - Training stats: {'isolation_forest': {'n_samples': 2000, 'n_features': 60, 'feature_names': ['packet_count', 'total_bytes', 'avg_packet_length', 'std_packet_length', 'min_packet_length', 'max_packet_length', 'avg_payload_size', 'std_payload_size', 'total_payload_size', 'tcp_count', 'udp_count', 'icmp_count', 'other_protocol_count', 'protocol_diversity', 'tcp_ratio', 'udp_ratio', 'icmp_ratio', 'other_protocol_ratio', 'unique_src_ports', 'unique_dst_ports', 'total_ports_accessed', 'common_port_ratio', 'high_port_ratio', 'avg_dst_port', 'std_dst_port', 'min_dst_port', 'max_dst_port', 'unique_connections', 'total_connection_attempts', 'avg_packets_per_connection', 'connection_diversity', 'max_packets_per_connection', 'unique_src_ips', 'unique_dst_ips', 'src_ip_diversity', 'dst_ip_diversity', 'private_src_ip_ratio', 'private_dst_ip_ratio', 'packet_rate', 'inter_arrival_time_mean', 'inter_arrival_time_std', 'burst_count', 'burst_ratio', 'payload_size_mean', 'payload_size_std', 'zero_payload_ratio', 'large_payload_ratio', 'payload_size_entropy', 'syn_count', 'fin_count', 'rst_count', 'psh_count', 'ack_count', 'urg_count', 'syn_ratio', 'fin_ratio', 'rst_ratio', 'psh_ratio', 'ack_ratio', 'urg_ratio'], 'training_date': '2025-06-18T15:11:20.787492'}, 'one_class_svm': {'n_samples': 2000, 'n_features': 60, 'feature_names': ['packet_count', 'total_bytes', 'avg_packet_length', 'std_packet_length', 'min_packet_length', 'max_packet_length', 'avg_payload_size', 'std_payload_size', 'total_payload_size', 'tcp_count', 'udp_count', 'icmp_count', 'other_protocol_count', 'protocol_diversity', 'tcp_ratio', 'udp_ratio', 'icmp_ratio', 'other_protocol_ratio', 'unique_src_ports', 'unique_dst_ports', 'total_ports_accessed', 'common_port_ratio', 'high_port_ratio', 'avg_dst_port', 'std_dst_port', 'min_dst_port', 'max_dst_port', 'unique_connections', 'total_connection_attempts', 'avg_packets_per_connection', 'connection_diversity', 'max_packets_per_connection', 'unique_src_ips', 'unique_dst_ips', 'src_ip_diversity', 'dst_ip_diversity', 'private_src_ip_ratio', 'private_dst_ip_ratio', 'packet_rate', 'inter_arrival_time_mean', 'inter_arrival_time_std', 'burst_count', 'burst_ratio', 'payload_size_mean', 'payload_size_std', 'zero_payload_ratio', 'large_payload_ratio', 'payload_size_entropy', 'syn_count', 'fin_count', 'rst_count', 'psh_count', 'ack_count', 'urg_count', 'syn_ratio', 'fin_ratio', 'rst_ratio', 'psh_ratio', 'ack_ratio', 'urg_ratio'], 'training_date': '2025-06-18T15:11:20.830433'}, 'local_outlier_factor': {'n_samples': 2000, 'n_features': 60, 'feature_names': ['packet_count', 'total_bytes', 'avg_packet_length', 'std_packet_length', 'min_packet_length', 'max_packet_length', 'avg_payload_size', 'std_payload_size', 'total_payload_size', 'tcp_count', 'udp_count', 'icmp_count', 'other_protocol_count', 'protocol_diversity', 'tcp_ratio', 'udp_ratio', 'icmp_ratio', 'other_protocol_ratio', 'unique_src_ports', 'unique_dst_ports', 'total_ports_accessed', 'common_port_ratio', 'high_port_ratio', 'avg_dst_port', 'std_dst_port', 'min_dst_port', 'max_dst_port', 'unique_connections', 'total_connection_attempts', 'avg_packets_per_connection', 'connection_diversity', 'max_packets_per_connection', 'unique_src_ips', 'unique_dst_ips', 'src_ip_diversity', 'dst_ip_diversity', 'private_src_ip_ratio', 'private_dst_ip_ratio', 'packet_rate', 'inter_arrival_time_mean', 'inter_arrival_time_std', 'burst_count', 'burst_ratio', 'payload_size_mean', 'payload_size_std', 'zero_payload_ratio', 'large_payload_ratio', 'payload_size_entropy', 'syn_count', 'fin_count', 'rst_count', 'psh_count', 'ack_count', 'urg_count', 'syn_ratio', 'fin_ratio', 'rst_ratio', 'psh_ratio', 'ack_ratio', 'urg_ratio'], 'training_date': '2025-06-18T15:11:22.349370'}}
2025-06-18 15:11:22,758 - NIDS - INFO - Evaluating model...
2025-06-18 15:11:22,760 - NIDS - INFO - Test set size: 400 samples
2025-06-18 15:11:22,762 - NIDS - INFO - Test anomalies: 40
2025-06-18 15:11:22,771 - NIDS - WARNING - LOF single prediction failed, using fallback: Expected n_neighbors < n_samples_fit, but n_neighbors = 1, n_samples_fit = 1, n_samples = 1
2025-06-18 15:11:22,780 - NIDS - WARNING - LOF single prediction failed, using fallback: Expected n_neighbors < n_samples_fit, but n_neighbors = 1, n_samples_fit = 1, n_samples = 1
2025-06-18 15:11:22,788 - NIDS - WARNING - LOF single prediction failed, using fallback: Expected n_neighbors < n_samples_fit, but n_neighbors = 1, n_samples_fit = 1, n_samples = 1
2025-06-18 15:11:22,796 - NIDS - WARNING - LOF single prediction failed, using fallback: Expected n_neighbors < n_samples_fit, but n_neighbors = 1, n_samples_fit = 1, n_samples = 1
2025-06-18 15:11:22,805 - NIDS - WARNING - LOF single prediction failed, using fallback: Expected n_neighbors < n_samples_fit, but n_neighbors = 1, n_samples_fit = 1, n_samples = 1
2025-06-18 15:11:22,812 - NIDS - WARNING - LOF single prediction failed, using fallback: Expected n_neighbors < n_samples_fit, but n_neighbors = 1, n_samples_fit = 1, n_samples = 1
2025-06-18 15:11:22,820 - NIDS - WARNING - LOF single prediction failed, using fallback: Expected n_neighbors < n_samples_fit, but n_neighbors = 1, n_samples_fit = 1, n_samples = 1
2025-06-18 15:11:22,828 - NIDS - WARNING - LOF single prediction failed, using fallback: Expected n_neighbors < n_samples_fit, but n_neighbors = 1, n_samples_fit = 1, n_samples = 1
2025-06-18 15:11:22,836 - NIDS - WARNING - LOF single prediction failed, using fallback: Expected n_neighbors < n_samples_fit, but n_neighbors = 1, n_samples_fit = 1, n_samples = 1
2025-06-18 15:11:22,844 - NIDS - WARNING - LOF single prediction failed, using fallback: Expected n_neighbors < n_samples_fit, but n_neighbors = 1, n_samples_fit = 1, n_samples = 1
2025-06-18 15:11:22,852 - NIDS - WARNING - LOF single prediction failed, using fallback: Expected n_neighbors < n_samples_fit, but n_neighbors = 1, n_samples_fit = 1, n_samples = 1
2025-06-18 15:11:22,859 - NIDS - WARNING - LOF single prediction failed, using fallback: Expected n_neighbors < n_samples_fit, but n_neighbors = 1, n_samples_fit = 1, n_samples = 1
2025-06-18 15:11:22,867 - NIDS - WARNING - LOF single prediction failed, using fallback: Expected n_neighbors < n_samples_fit, but n_neighbors = 1, n_samples_fit = 1, n_samples = 1
2025-06-18 15:11:22,876 - NIDS - WARNING - LOF single prediction failed, using fallback: Expected n_neighbors < n_samples_fit, but n_neighbors = 1, n_samples_fit = 1, n_samples = 1
2025-06-18 15:11:22,885 - NIDS - WARNING - LOF single prediction failed, using fallback: Expected n_neighbors < n_samples_fit, but n_neighbors = 1, n_samples_fit = 1, n_samples = 1
2025-06-18 15:11:22,893 - NIDS - WARNING - LOF single prediction failed, using fallback: Expected n_neighbors < n_samples_fit, but n_neighbors = 1, n_samples_fit = 1, n_samples = 1
2025-06-18 15:11:22,902 - NIDS - WARNING - LOF single prediction failed, using fallback: Expected n_neighbors < n_samples_fit, but n_neighbors = 1, n_samples_fit = 1, n_samples = 1
2025-06-18 15:11:22,910 - NIDS - WARNING - LOF single prediction failed, using fallback: Expected n_neighbors < n_samples_fit, but n_neighbors = 1, n_samples_fit = 1, n_samples = 1
2025-06-18 15:11:22,919 - NIDS - WARNING - LOF single prediction failed, using fallback: Expected n_neighbors < n_samples_fit, but n_neighbors = 1, n_samples_fit = 1, n_samples = 1
2025-06-18 15:11:22,927 - NIDS - WARNING - LOF single prediction failed, using fallback: Expected n_neighbors < n_samples_fit, but n_neighbors = 1, n_samples_fit = 1, n_samples = 1
2025-06-18 15:11:22,935 - NIDS - WARNING - LOF single prediction failed, using fallback: Expected n_neighbors < n_samples_fit, but n_neighbors = 1, n_samples_fit = 1, n_samples = 1
2025-06-18 15:11:22,945 - NIDS - WARNING - LOF single prediction failed, using fallback: Expected n_neighbors < n_samples_fit, but n_neighbors = 1, n_samples_fit = 1, n_samples = 1
2025-06-18 15:11:22,954 - NIDS - WARNING - LOF single prediction failed, using fallback: Expected n_neighbors < n_samples_fit, but n_neighbors = 1, n_samples_fit = 1, n_samples = 1
2025-06-18 15:11:22,962 - NIDS - WARNING - LOF single prediction failed, using fallback: Expected n_neighbors < n_samples_fit, but n_neighbors = 1, n_samples_fit = 1, n_samples = 1
2025-06-18 15:11:22,970 - NIDS - WARNING - LOF single prediction failed, using fallback: Expected n_neighbors < n_samples_fit, but n_neighbors = 1, n_samples_fit = 1, n_samples = 1
2025-06-18 15:11:22,981 - NIDS - WARNING - LOF single prediction failed, using fallback: Expected n_neighbors < n_samples_fit, but n_neighbors = 1, n_samples_fit = 1, n_samples = 1
2025-06-18 15:11:22,992 - NIDS - WARNING - LOF single prediction failed, using fallback: Expected n_neighbors < n_samples_fit, but n_neighbors = 1, n_samples_fit = 1, n_samples = 1
2025-06-18 15:11:23,000 - NIDS - WARNING - LOF single prediction failed, using fallback: Expected n_neighbors < n_samples_fit, but n_neighbors = 1, n_samples_fit = 1, n_samples = 1
2025-06-18 15:11:23,011 - NIDS - WARNING - LOF single prediction failed, using fallback: Expected n_neighbors < n_samples_fit, but n_neighbors = 1, n_samples_fit = 1, n_samples = 1
2025-06-18 15:11:23,021 - NIDS - WARNING - LOF single prediction failed, using fallback: Expected n_neighbors < n_samples_fit, but n_neighbors = 1, n_samples_fit = 1, n_samples = 1
2025-06-18 15:11:23,030 - NIDS - WARNING - LOF single prediction failed, using fallback: Expected n_neighbors < n_samples_fit, but n_neighbors = 1, n_samples_fit = 1, n_samples = 1
2025-06-18 15:11:23,039 - NIDS - WARNING - LOF single prediction failed, using fallback: Expected n_neighbors < n_samples_fit, but n_neighbors = 1, n_samples_fit = 1, n_samples = 1
2025-06-18 15:11:23,047 - NIDS - WARNING - LOF single prediction failed, using fallback: Expected n_neighbors < n_samples_fit, but n_neighbors = 1, n_samples_fit = 1, n_samples = 1
2025-06-18 15:11:23,055 - NIDS - WARNING - LOF single prediction failed, using fallback: Expected n_neighbors < n_samples_fit, but n_neighbors = 1, n_samples_fit = 1, n_samples = 1
2025-06-18 15:11:23,064 - NIDS - WARNING - LOF single prediction failed, using fallback: Expected n_neighbors < n_samples_fit, but n_neighbors = 1, n_samples_fit = 1, n_samples = 1
2025-06-18 15:11:23,072 - NIDS - WARNING - LOF single prediction failed, using fallback: Expected n_neighbors < n_samples_fit, but n_neighbors = 1, n_samples_fit = 1, n_samples = 1
2025-06-18 15:11:23,081 - NIDS - WARNING - LOF single prediction failed, using fallback: Expected n_neighbors < n_samples_fit, but n_neighbors = 1, n_samples_fit = 1, n_samples = 1
2025-06-18 15:11:23,089 - NIDS - WARNING - LOF single prediction failed, using fallback: Expected n_neighbors < n_samples_fit, but n_neighbors = 1, n_samples_fit = 1, n_samples = 1
2025-06-18 15:11:23,097 - NIDS - WARNING - LOF single prediction failed, using fallback: Expected n_neighbors < n_samples_fit, but n_neighbors = 1, n_samples_fit = 1, n_samples = 1
2025-06-18 15:11:23,106 - NIDS - WARNING - LOF single prediction failed, using fallback: Expected n_neighbors < n_samples_fit, but n_neighbors = 1, n_samples_fit = 1, n_samples = 1
2025-06-18 15:11:23,114 - NIDS - WARNING - LOF single prediction failed, using fallback: Expected n_neighbors < n_samples_fit, but n_neighbors = 1, n_samples_fit = 1, n_samples = 1
2025-06-18 15:11:23,123 - NIDS - WARNING - LOF single prediction failed, using fallback: Expected n_neighbors < n_samples_fit, but n_neighbors = 1, n_samples_fit = 1, n_samples = 1
2025-06-18 15:11:23,132 - NIDS - WARNING - LOF single prediction failed, using fallback: Expected n_neighbors < n_samples_fit, but n_neighbors = 1, n_samples_fit = 1, n_samples = 1
2025-06-18 15:11:23,141 - NIDS - WARNING - LOF single prediction failed, using fallback: Expected n_neighbors < n_samples_fit, but n_neighbors = 1, n_samples_fit = 1, n_samples = 1
2025-06-18 15:11:23,150 - NIDS - WARNING - LOF single prediction failed, using fallback: Expected n_neighbors < n_samples_fit, but n_neighbors = 1, n_samples_fit = 1, n_samples = 1
2025-06-18 15:11:23,158 - NIDS - WARNING - LOF single prediction failed, using fallback: Expected n_neighbors < n_samples_fit, but n_neighbors = 1, n_samples_fit = 1, n_samples = 1
2025-06-18 15:11:23,167 - NIDS - WARNING - LOF single prediction failed, using fallback: Expected n_neighbors < n_samples_fit, but n_neighbors = 1, n_samples_fit = 1, n_samples = 1
2025-06-18 15:11:23,175 - NIDS - WARNING - LOF single prediction failed, using fallback: Expected n_neighbors < n_samples_fit, but n_neighbors = 1, n_samples_fit = 1, n_samples = 1
2025-06-18 15:11:23,184 - NIDS - WARNING - LOF single prediction failed, using fallback: Expected n_neighbors < n_samples_fit, but n_neighbors = 1, n_samples_fit = 1, n_samples = 1
2025-06-18 15:11:23,192 - NIDS - WARNING - LOF single prediction failed, using fallback: Expected n_neighbors < n_samples_fit, but n_neighbors = 1, n_samples_fit = 1, n_samples = 1
2025-06-18 15:11:23,200 - NIDS - WARNING - LOF single prediction failed, using fallback: Expected n_neighbors < n_samples_fit, but n_neighbors = 1, n_samples_fit = 1, n_samples = 1
2025-06-18 15:11:23,209 - NIDS - WARNING - LOF single prediction failed, using fallback: Expected n_neighbors < n_samples_fit, but n_neighbors = 1, n_samples_fit = 1, n_samples = 1
2025-06-18 15:11:23,218 - NIDS - WARNING - LOF single prediction failed, using fallback: Expected n_neighbors < n_samples_fit, but n_neighbors = 1, n_samples_fit = 1, n_samples = 1
2025-06-18 15:11:23,227 - NIDS - WARNING - LOF single prediction failed, using fallback: Expected n_neighbors < n_samples_fit, but n_neighbors = 1, n_samples_fit = 1, n_samples = 1
2025-06-18 15:11:23,235 - NIDS - WARNING - LOF single prediction failed, using fallback: Expected n_neighbors < n_samples_fit, but n_neighbors = 1, n_samples_fit = 1, n_samples = 1
2025-06-18 15:11:23,244 - NIDS - WARNING - LOF single prediction failed, using fallback: Expected n_neighbors < n_samples_fit, but n_neighbors = 1, n_samples_fit = 1, n_samples = 1
2025-06-18 15:11:23,252 - NIDS - WARNING - LOF single prediction failed, using fallback: Expected n_neighbors < n_samples_fit, but n_neighbors = 1, n_samples_fit = 1, n_samples = 1
2025-06-18 15:11:23,260 - NIDS - WARNING - LOF single prediction failed, using fallback: Expected n_neighbors < n_samples_fit, but n_neighbors = 1, n_samples_fit = 1, n_samples = 1
2025-06-18 15:11:23,268 - NIDS - WARNING - LOF single prediction failed, using fallback: Expected n_neighbors < n_samples_fit, but n_neighbors = 1, n_samples_fit = 1, n_samples = 1
2025-06-18 15:11:23,277 - NIDS - WARNING - LOF single prediction failed, using fallback: Expected n_neighbors < n_samples_fit, but n_neighbors = 1, n_samples_fit = 1, n_samples = 1
2025-06-18 15:11:23,286 - NIDS - WARNING - LOF single prediction failed, using fallback: Expected n_neighbors < n_samples_fit, but n_neighbors = 1, n_samples_fit = 1, n_samples = 1
2025-06-18 15:11:23,294 - NIDS - WARNING - LOF single prediction failed, using fallback: Expected n_neighbors < n_samples_fit, but n_neighbors = 1, n_samples_fit = 1, n_samples = 1
2025-06-18 15:11:23,302 - NIDS - WARNING - LOF single prediction failed, using fallback: Expected n_neighbors < n_samples_fit, but n_neighbors = 1, n_samples_fit = 1, n_samples = 1
2025-06-18 15:11:23,311 - NIDS - WARNING - LOF single prediction failed, using fallback: Expected n_neighbors < n_samples_fit, but n_neighbors = 1, n_samples_fit = 1, n_samples = 1
2025-06-18 15:11:23,320 - NIDS - WARNING - LOF single prediction failed, using fallback: Expected n_neighbors < n_samples_fit, but n_neighbors = 1, n_samples_fit = 1, n_samples = 1
2025-06-18 15:11:23,329 - NIDS - WARNING - LOF single prediction failed, using fallback: Expected n_neighbors < n_samples_fit, but n_neighbors = 1, n_samples_fit = 1, n_samples = 1
2025-06-18 15:11:23,338 - NIDS - WARNING - LOF single prediction failed, using fallback: Expected n_neighbors < n_samples_fit, but n_neighbors = 1, n_samples_fit = 1, n_samples = 1
2025-06-18 15:11:23,346 - NIDS - WARNING - LOF single prediction failed, using fallback: Expected n_neighbors < n_samples_fit, but n_neighbors = 1, n_samples_fit = 1, n_samples = 1
2025-06-18 15:11:23,355 - NIDS - WARNING - LOF single prediction failed, using fallback: Expected n_neighbors < n_samples_fit, but n_neighbors = 1, n_samples_fit = 1, n_samples = 1
2025-06-18 15:11:23,362 - NIDS - WARNING - LOF single prediction failed, using fallback: Expected n_neighbors < n_samples_fit, but n_neighbors = 1, n_samples_fit = 1, n_samples = 1
2025-06-18 15:11:23,373 - NIDS - WARNING - LOF single prediction failed, using fallback: Expected n_neighbors < n_samples_fit, but n_neighbors = 1, n_samples_fit = 1, n_samples = 1
2025-06-18 15:11:23,382 - NIDS - WARNING - LOF single prediction failed, using fallback: Expected n_neighbors < n_samples_fit, but n_neighbors = 1, n_samples_fit = 1, n_samples = 1
2025-06-18 15:11:23,390 - NIDS - WARNING - LOF single prediction failed, using fallback: Expected n_neighbors < n_samples_fit, but n_neighbors = 1, n_samples_fit = 1, n_samples = 1
2025-06-18 15:11:23,399 - NIDS - WARNING - LOF single prediction failed, using fallback: Expected n_neighbors < n_samples_fit, but n_neighbors = 1, n_samples_fit = 1, n_samples = 1
2025-06-18 15:11:23,408 - NIDS - WARNING - LOF single prediction failed, using fallback: Expected n_neighbors < n_samples_fit, but n_neighbors = 1, n_samples_fit = 1, n_samples = 1
2025-06-18 15:11:23,416 - NIDS - WARNING - LOF single prediction failed, using fallback: Expected n_neighbors < n_samples_fit, but n_neighbors = 1, n_samples_fit = 1, n_samples = 1
2025-06-18 15:11:23,424 - NIDS - WARNING - LOF single prediction failed, using fallback: Expected n_neighbors < n_samples_fit, but n_neighbors = 1, n_samples_fit = 1, n_samples = 1
2025-06-18 15:11:23,435 - NIDS - WARNING - LOF single prediction failed, using fallback: Expected n_neighbors < n_samples_fit, but n_neighbors = 1, n_samples_fit = 1, n_samples = 1
2025-06-18 15:11:23,443 - NIDS - WARNING - LOF single prediction failed, using fallback: Expected n_neighbors < n_samples_fit, but n_neighbors = 1, n_samples_fit = 1, n_samples = 1
2025-06-18 15:11:23,452 - NIDS - WARNING - LOF single prediction failed, using fallback: Expected n_neighbors < n_samples_fit, but n_neighbors = 1, n_samples_fit = 1, n_samples = 1
2025-06-18 15:11:23,460 - NIDS - WARNING - LOF single prediction failed, using fallback: Expected n_neighbors < n_samples_fit, but n_neighbors = 1, n_samples_fit = 1, n_samples = 1
2025-06-18 15:11:23,469 - NIDS - WARNING - LOF single prediction failed, using fallback: Expected n_neighbors < n_samples_fit, but n_neighbors = 1, n_samples_fit = 1, n_samples = 1
2025-06-18 15:11:23,477 - NIDS - WARNING - LOF single prediction failed, using fallback: Expected n_neighbors < n_samples_fit, but n_neighbors = 1, n_samples_fit = 1, n_samples = 1
2025-06-18 15:11:23,486 - NIDS - WARNING - LOF single prediction failed, using fallback: Expected n_neighbors < n_samples_fit, but n_neighbors = 1, n_samples_fit = 1, n_samples = 1
2025-06-18 15:11:23,496 - NIDS - WARNING - LOF single prediction failed, using fallback: Expected n_neighbors < n_samples_fit, but n_neighbors = 1, n_samples_fit = 1, n_samples = 1
2025-06-18 15:11:23,506 - NIDS - WARNING - LOF single prediction failed, using fallback: Expected n_neighbors < n_samples_fit, but n_neighbors = 1, n_samples_fit = 1, n_samples = 1
2025-06-18 15:11:23,515 - NIDS - WARNING - LOF single prediction failed, using fallback: Expected n_neighbors < n_samples_fit, but n_neighbors = 1, n_samples_fit = 1, n_samples = 1
2025-06-18 15:11:23,523 - NIDS - WARNING - LOF single prediction failed, using fallback: Expected n_neighbors < n_samples_fit, but n_neighbors = 1, n_samples_fit = 1, n_samples = 1
2025-06-18 15:11:23,531 - NIDS - WARNING - LOF single prediction failed, using fallback: Expected n_neighbors < n_samples_fit, but n_neighbors = 1, n_samples_fit = 1, n_samples = 1
2025-06-18 15:11:23,540 - NIDS - WARNING - LOF single prediction failed, using fallback: Expected n_neighbors < n_samples_fit, but n_neighbors = 1, n_samples_fit = 1, n_samples = 1
2025-06-18 15:11:23,550 - NIDS - WARNING - LOF single prediction failed, using fallback: Expected n_neighbors < n_samples_fit, but n_neighbors = 1, n_samples_fit = 1, n_samples = 1
2025-06-18 15:11:23,559 - NIDS - WARNING - LOF single prediction failed, using fallback: Expected n_neighbors < n_samples_fit, but n_neighbors = 1, n_samples_fit = 1, n_samples = 1
2025-06-18 15:11:23,569 - NIDS - WARNING - LOF single prediction failed, using fallback: Expected n_neighbors < n_samples_fit, but n_neighbors = 1, n_samples_fit = 1, n_samples = 1
2025-06-18 15:11:23,578 - NIDS - WARNING - LOF single prediction failed, using fallback: Expected n_neighbors < n_samples_fit, but n_neighbors = 1, n_samples_fit = 1, n_samples = 1
2025-06-18 15:11:23,586 - NIDS - WARNING - LOF single prediction failed, using fallback: Expected n_neighbors < n_samples_fit, but n_neighbors = 1, n_samples_fit = 1, n_samples = 1
2025-06-18 15:11:23,594 - NIDS - WARNING - LOF single prediction failed, using fallback: Expected n_neighbors < n_samples_fit, but n_neighbors = 1, n_samples_fit = 1, n_samples = 1
2025-06-18 15:11:23,603 - NIDS - WARNING - LOF single prediction failed, using fallback: Expected n_neighbors < n_samples_fit, but n_neighbors = 1, n_samples_fit = 1, n_samples = 1
2025-06-18 15:11:23,611 - NIDS - WARNING - LOF single prediction failed, using fallback: Expected n_neighbors < n_samples_fit, but n_neighbors = 1, n_samples_fit = 1, n_samples = 1
2025-06-18 15:11:23,622 - NIDS - WARNING - LOF single prediction failed, using fallback: Expected n_neighbors < n_samples_fit, but n_neighbors = 1, n_samples_fit = 1, n_samples = 1
2025-06-18 15:11:23,631 - NIDS - WARNING - LOF single prediction failed, using fallback: Expected n_neighbors < n_samples_fit, but n_neighbors = 1, n_samples_fit = 1, n_samples = 1
2025-06-18 15:11:23,640 - NIDS - WARNING - LOF single prediction failed, using fallback: Expected n_neighbors < n_samples_fit, but n_neighbors = 1, n_samples_fit = 1, n_samples = 1
2025-06-18 15:11:23,648 - NIDS - WARNING - LOF single prediction failed, using fallback: Expected n_neighbors < n_samples_fit, but n_neighbors = 1, n_samples_fit = 1, n_samples = 1
2025-06-18 15:11:23,656 - NIDS - WARNING - LOF single prediction failed, using fallback: Expected n_neighbors < n_samples_fit, but n_neighbors = 1, n_samples_fit = 1, n_samples = 1
2025-06-18 15:11:23,665 - NIDS - WARNING - LOF single prediction failed, using fallback: Expected n_neighbors < n_samples_fit, but n_neighbors = 1, n_samples_fit = 1, n_samples = 1
2025-06-18 15:11:23,673 - NIDS - WARNING - LOF single prediction failed, using fallback: Expected n_neighbors < n_samples_fit, but n_neighbors = 1, n_samples_fit = 1, n_samples = 1
2025-06-18 15:11:23,681 - NIDS - WARNING - LOF single prediction failed, using fallback: Expected n_neighbors < n_samples_fit, but n_neighbors = 1, n_samples_fit = 1, n_samples = 1
2025-06-18 15:11:23,688 - NIDS - WARNING - LOF single prediction failed, using fallback: Expected n_neighbors < n_samples_fit, but n_neighbors = 1, n_samples_fit = 1, n_samples = 1
2025-06-18 15:11:23,698 - NIDS - WARNING - LOF single prediction failed, using fallback: Expected n_neighbors < n_samples_fit, but n_neighbors = 1, n_samples_fit = 1, n_samples = 1
2025-06-18 15:11:23,707 - NIDS - WARNING - LOF single prediction failed, using fallback: Expected n_neighbors < n_samples_fit, but n_neighbors = 1, n_samples_fit = 1, n_samples = 1
2025-06-18 15:11:23,717 - NIDS - WARNING - LOF single prediction failed, using fallback: Expected n_neighbors < n_samples_fit, but n_neighbors = 1, n_samples_fit = 1, n_samples = 1
2025-06-18 15:11:23,727 - NIDS - WARNING - LOF single prediction failed, using fallback: Expected n_neighbors < n_samples_fit, but n_neighbors = 1, n_samples_fit = 1, n_samples = 1
2025-06-18 15:11:23,736 - NIDS - WARNING - LOF single prediction failed, using fallback: Expected n_neighbors < n_samples_fit, but n_neighbors = 1, n_samples_fit = 1, n_samples = 1
2025-06-18 15:11:23,746 - NIDS - WARNING - LOF single prediction failed, using fallback: Expected n_neighbors < n_samples_fit, but n_neighbors = 1, n_samples_fit = 1, n_samples = 1
2025-06-18 15:11:23,754 - NIDS - WARNING - LOF single prediction failed, using fallback: Expected n_neighbors < n_samples_fit, but n_neighbors = 1, n_samples_fit = 1, n_samples = 1
2025-06-18 15:11:23,762 - NIDS - WARNING - LOF single prediction failed, using fallback: Expected n_neighbors < n_samples_fit, but n_neighbors = 1, n_samples_fit = 1, n_samples = 1
2025-06-18 15:11:23,772 - NIDS - WARNING - LOF single prediction failed, using fallback: Expected n_neighbors < n_samples_fit, but n_neighbors = 1, n_samples_fit = 1, n_samples = 1
2025-06-18 15:11:23,781 - NIDS - WARNING - LOF single prediction failed, using fallback: Expected n_neighbors < n_samples_fit, but n_neighbors = 1, n_samples_fit = 1, n_samples = 1
2025-06-18 15:11:23,789 - NIDS - WARNING - LOF single prediction failed, using fallback: Expected n_neighbors < n_samples_fit, but n_neighbors = 1, n_samples_fit = 1, n_samples = 1
2025-06-18 15:11:23,797 - NIDS - WARNING - LOF single prediction failed, using fallback: Expected n_neighbors < n_samples_fit, but n_neighbors = 1, n_samples_fit = 1, n_samples = 1
2025-06-18 15:11:23,805 - NIDS - WARNING - LOF single prediction failed, using fallback: Expected n_neighbors < n_samples_fit, but n_neighbors = 1, n_samples_fit = 1, n_samples = 1
2025-06-18 15:11:23,815 - NIDS - WARNING - LOF single prediction failed, using fallback: Expected n_neighbors < n_samples_fit, but n_neighbors = 1, n_samples_fit = 1, n_samples = 1
2025-06-18 15:11:23,823 - NIDS - WARNING - LOF single prediction failed, using fallback: Expected n_neighbors < n_samples_fit, but n_neighbors = 1, n_samples_fit = 1, n_samples = 1
2025-06-18 15:11:23,833 - NIDS - WARNING - LOF single prediction failed, using fallback: Expected n_neighbors < n_samples_fit, but n_neighbors = 1, n_samples_fit = 1, n_samples = 1
2025-06-18 15:11:23,841 - NIDS - WARNING - LOF single prediction failed, using fallback: Expected n_neighbors < n_samples_fit, but n_neighbors = 1, n_samples_fit = 1, n_samples = 1
2025-06-18 15:11:23,850 - NIDS - WARNING - LOF single prediction failed, using fallback: Expected n_neighbors < n_samples_fit, but n_neighbors = 1, n_samples_fit = 1, n_samples = 1
2025-06-18 15:11:23,858 - NIDS - WARNING - LOF single prediction failed, using fallback: Expected n_neighbors < n_samples_fit, but n_neighbors = 1, n_samples_fit = 1, n_samples = 1
2025-06-18 15:11:23,867 - NIDS - WARNING - LOF single prediction failed, using fallback: Expected n_neighbors < n_samples_fit, but n_neighbors = 1, n_samples_fit = 1, n_samples = 1
2025-06-18 15:11:23,875 - NIDS - WARNING - LOF single prediction failed, using fallback: Expected n_neighbors < n_samples_fit, but n_neighbors = 1, n_samples_fit = 1, n_samples = 1
2025-06-18 15:11:23,885 - NIDS - WARNING - LOF single prediction failed, using fallback: Expected n_neighbors < n_samples_fit, but n_neighbors = 1, n_samples_fit = 1, n_samples = 1
2025-06-18 15:11:23,893 - NIDS - WARNING - LOF single prediction failed, using fallback: Expected n_neighbors < n_samples_fit, but n_neighbors = 1, n_samples_fit = 1, n_samples = 1
2025-06-18 15:11:23,901 - NIDS - WARNING - LOF single prediction failed, using fallback: Expected n_neighbors < n_samples_fit, but n_neighbors = 1, n_samples_fit = 1, n_samples = 1
2025-06-18 15:11:23,911 - NIDS - WARNING - LOF single prediction failed, using fallback: Expected n_neighbors < n_samples_fit, but n_neighbors = 1, n_samples_fit = 1, n_samples = 1
2025-06-18 15:11:23,920 - NIDS - WARNING - LOF single prediction failed, using fallback: Expected n_neighbors < n_samples_fit, but n_neighbors = 1, n_samples_fit = 1, n_samples = 1
2025-06-18 15:11:23,929 - NIDS - WARNING - LOF single prediction failed, using fallback: Expected n_neighbors < n_samples_fit, but n_neighbors = 1, n_samples_fit = 1, n_samples = 1
2025-06-18 15:11:23,937 - NIDS - WARNING - LOF single prediction failed, using fallback: Expected n_neighbors < n_samples_fit, but n_neighbors = 1, n_samples_fit = 1, n_samples = 1
2025-06-18 15:11:23,946 - NIDS - WARNING - LOF single prediction failed, using fallback: Expected n_neighbors < n_samples_fit, but n_neighbors = 1, n_samples_fit = 1, n_samples = 1
2025-06-18 15:11:23,955 - NIDS - WARNING - LOF single prediction failed, using fallback: Expected n_neighbors < n_samples_fit, but n_neighbors = 1, n_samples_fit = 1, n_samples = 1
2025-06-18 15:11:23,963 - NIDS - WARNING - LOF single prediction failed, using fallback: Expected n_neighbors < n_samples_fit, but n_neighbors = 1, n_samples_fit = 1, n_samples = 1
2025-06-18 15:11:23,972 - NIDS - WARNING - LOF single prediction failed, using fallback: Expected n_neighbors < n_samples_fit, but n_neighbors = 1, n_samples_fit = 1, n_samples = 1
2025-06-18 15:11:23,980 - NIDS - WARNING - LOF single prediction failed, using fallback: Expected n_neighbors < n_samples_fit, but n_neighbors = 1, n_samples_fit = 1, n_samples = 1
2025-06-18 15:11:23,988 - NIDS - WARNING - LOF single prediction failed, using fallback: Expected n_neighbors < n_samples_fit, but n_neighbors = 1, n_samples_fit = 1, n_samples = 1
2025-06-18 15:11:23,997 - NIDS - WARNING - LOF single prediction failed, using fallback: Expected n_neighbors < n_samples_fit, but n_neighbors = 1, n_samples_fit = 1, n_samples = 1
2025-06-18 15:11:24,006 - NIDS - WARNING - LOF single prediction failed, using fallback: Expected n_neighbors < n_samples_fit, but n_neighbors = 1, n_samples_fit = 1, n_samples = 1
2025-06-18 15:11:24,015 - NIDS - WARNING - LOF single prediction failed, using fallback: Expected n_neighbors < n_samples_fit, but n_neighbors = 1, n_samples_fit = 1, n_samples = 1
2025-06-18 15:11:24,023 - NIDS - WARNING - LOF single prediction failed, using fallback: Expected n_neighbors < n_samples_fit, but n_neighbors = 1, n_samples_fit = 1, n_samples = 1
2025-06-18 15:11:24,033 - NIDS - WARNING - LOF single prediction failed, using fallback: Expected n_neighbors < n_samples_fit, but n_neighbors = 1, n_samples_fit = 1, n_samples = 1
2025-06-18 15:11:24,042 - NIDS - WARNING - LOF single prediction failed, using fallback: Expected n_neighbors < n_samples_fit, but n_neighbors = 1, n_samples_fit = 1, n_samples = 1
2025-06-18 15:11:24,050 - NIDS - WARNING - LOF single prediction failed, using fallback: Expected n_neighbors < n_samples_fit, but n_neighbors = 1, n_samples_fit = 1, n_samples = 1
2025-06-18 15:11:24,058 - NIDS - WARNING - LOF single prediction failed, using fallback: Expected n_neighbors < n_samples_fit, but n_neighbors = 1, n_samples_fit = 1, n_samples = 1
2025-06-18 15:11:24,067 - NIDS - WARNING - LOF single prediction failed, using fallback: Expected n_neighbors < n_samples_fit, but n_neighbors = 1, n_samples_fit = 1, n_samples = 1
2025-06-18 15:11:24,076 - NIDS - WARNING - LOF single prediction failed, using fallback: Expected n_neighbors < n_samples_fit, but n_neighbors = 1, n_samples_fit = 1, n_samples = 1
2025-06-18 15:11:24,085 - NIDS - WARNING - LOF single prediction failed, using fallback: Expected n_neighbors < n_samples_fit, but n_neighbors = 1, n_samples_fit = 1, n_samples = 1
2025-06-18 15:11:24,093 - NIDS - WARNING - LOF single prediction failed, using fallback: Expected n_neighbors < n_samples_fit, but n_neighbors = 1, n_samples_fit = 1, n_samples = 1
2025-06-18 15:11:24,102 - NIDS - WARNING - LOF single prediction failed, using fallback: Expected n_neighbors < n_samples_fit, but n_neighbors = 1, n_samples_fit = 1, n_samples = 1
2025-06-18 15:11:24,110 - NIDS - WARNING - LOF single prediction failed, using fallback: Expected n_neighbors < n_samples_fit, but n_neighbors = 1, n_samples_fit = 1, n_samples = 1
2025-06-18 15:11:24,119 - NIDS - WARNING - LOF single prediction failed, using fallback: Expected n_neighbors < n_samples_fit, but n_neighbors = 1, n_samples_fit = 1, n_samples = 1
2025-06-18 15:11:24,128 - NIDS - WARNING - LOF single prediction failed, using fallback: Expected n_neighbors < n_samples_fit, but n_neighbors = 1, n_samples_fit = 1, n_samples = 1
2025-06-18 15:11:24,139 - NIDS - WARNING - LOF single prediction failed, using fallback: Expected n_neighbors < n_samples_fit, but n_neighbors = 1, n_samples_fit = 1, n_samples = 1
2025-06-18 15:11:24,148 - NIDS - WARNING - LOF single prediction failed, using fallback: Expected n_neighbors < n_samples_fit, but n_neighbors = 1, n_samples_fit = 1, n_samples = 1
2025-06-18 15:11:24,155 - NIDS - WARNING - LOF single prediction failed, using fallback: Expected n_neighbors < n_samples_fit, but n_neighbors = 1, n_samples_fit = 1, n_samples = 1
2025-06-18 15:11:24,163 - NIDS - WARNING - LOF single prediction failed, using fallback: Expected n_neighbors < n_samples_fit, but n_neighbors = 1, n_samples_fit = 1, n_samples = 1
2025-06-18 15:11:24,171 - NIDS - WARNING - LOF single prediction failed, using fallback: Expected n_neighbors < n_samples_fit, but n_neighbors = 1, n_samples_fit = 1, n_samples = 1
2025-06-18 15:11:24,181 - NIDS - WARNING - LOF single prediction failed, using fallback: Expected n_neighbors < n_samples_fit, but n_neighbors = 1, n_samples_fit = 1, n_samples = 1
2025-06-18 15:11:24,189 - NIDS - WARNING - LOF single prediction failed, using fallback: Expected n_neighbors < n_samples_fit, but n_neighbors = 1, n_samples_fit = 1, n_samples = 1
2025-06-18 15:11:24,198 - NIDS - WARNING - LOF single prediction failed, using fallback: Expected n_neighbors < n_samples_fit, but n_neighbors = 1, n_samples_fit = 1, n_samples = 1
2025-06-18 15:11:24,207 - NIDS - WARNING - LOF single prediction failed, using fallback: Expected n_neighbors < n_samples_fit, but n_neighbors = 1, n_samples_fit = 1, n_samples = 1
2025-06-18 15:11:24,216 - NIDS - WARNING - LOF single prediction failed, using fallback: Expected n_neighbors < n_samples_fit, but n_neighbors = 1, n_samples_fit = 1, n_samples = 1
2025-06-18 15:11:24,225 - NIDS - WARNING - LOF single prediction failed, using fallback: Expected n_neighbors < n_samples_fit, but n_neighbors = 1, n_samples_fit = 1, n_samples = 1
2025-06-18 15:11:24,233 - NIDS - WARNING - LOF single prediction failed, using fallback: Expected n_neighbors < n_samples_fit, but n_neighbors = 1, n_samples_fit = 1, n_samples = 1
2025-06-18 15:11:24,242 - NIDS - WARNING - LOF single prediction failed, using fallback: Expected n_neighbors < n_samples_fit, but n_neighbors = 1, n_samples_fit = 1, n_samples = 1
2025-06-18 15:11:24,250 - NIDS - WARNING - LOF single prediction failed, using fallback: Expected n_neighbors < n_samples_fit, but n_neighbors = 1, n_samples_fit = 1, n_samples = 1
2025-06-18 15:11:24,259 - NIDS - WARNING - LOF single prediction failed, using fallback: Expected n_neighbors < n_samples_fit, but n_neighbors = 1, n_samples_fit = 1, n_samples = 1
2025-06-18 15:11:24,268 - NIDS - WARNING - LOF single prediction failed, using fallback: Expected n_neighbors < n_samples_fit, but n_neighbors = 1, n_samples_fit = 1, n_samples = 1
2025-06-18 15:11:24,277 - NIDS - WARNING - LOF single prediction failed, using fallback: Expected n_neighbors < n_samples_fit, but n_neighbors = 1, n_samples_fit = 1, n_samples = 1
2025-06-18 15:11:24,286 - NIDS - WARNING - LOF single prediction failed, using fallback: Expected n_neighbors < n_samples_fit, but n_neighbors = 1, n_samples_fit = 1, n_samples = 1
2025-06-18 15:11:24,294 - NIDS - WARNING - LOF single prediction failed, using fallback: Expected n_neighbors < n_samples_fit, but n_neighbors = 1, n_samples_fit = 1, n_samples = 1
2025-06-18 15:11:24,302 - NIDS - WARNING - LOF single prediction failed, using fallback: Expected n_neighbors < n_samples_fit, but n_neighbors = 1, n_samples_fit = 1, n_samples = 1
2025-06-18 15:11:24,310 - NIDS - WARNING - LOF single prediction failed, using fallback: Expected n_neighbors < n_samples_fit, but n_neighbors = 1, n_samples_fit = 1, n_samples = 1
2025-06-18 15:11:24,319 - NIDS - WARNING - LOF single prediction failed, using fallback: Expected n_neighbors < n_samples_fit, but n_neighbors = 1, n_samples_fit = 1, n_samples = 1
2025-06-18 15:11:24,328 - NIDS - WARNING - LOF single prediction failed, using fallback: Expected n_neighbors < n_samples_fit, but n_neighbors = 1, n_samples_fit = 1, n_samples = 1
2025-06-18 15:11:24,336 - NIDS - WARNING - LOF single prediction failed, using fallback: Expected n_neighbors < n_samples_fit, but n_neighbors = 1, n_samples_fit = 1, n_samples = 1
2025-06-18 15:11:24,344 - NIDS - WARNING - LOF single prediction failed, using fallback: Expected n_neighbors < n_samples_fit, but n_neighbors = 1, n_samples_fit = 1, n_samples = 1
2025-06-18 15:11:24,352 - NIDS - WARNING - LOF single prediction failed, using fallback: Expected n_neighbors < n_samples_fit, but n_neighbors = 1, n_samples_fit = 1, n_samples = 1
2025-06-18 15:11:24,360 - NIDS - WARNING - LOF single prediction failed, using fallback: Expected n_neighbors < n_samples_fit, but n_neighbors = 1, n_samples_fit = 1, n_samples = 1
2025-06-18 15:11:24,368 - NIDS - WARNING - LOF single prediction failed, using fallback: Expected n_neighbors < n_samples_fit, but n_neighbors = 1, n_samples_fit = 1, n_samples = 1
2025-06-18 15:11:24,376 - NIDS - WARNING - LOF single prediction failed, using fallback: Expected n_neighbors < n_samples_fit, but n_neighbors = 1, n_samples_fit = 1, n_samples = 1
2025-06-18 15:11:24,385 - NIDS - WARNING - LOF single prediction failed, using fallback: Expected n_neighbors < n_samples_fit, but n_neighbors = 1, n_samples_fit = 1, n_samples = 1
2025-06-18 15:11:24,393 - NIDS - WARNING - LOF single prediction failed, using fallback: Expected n_neighbors < n_samples_fit, but n_neighbors = 1, n_samples_fit = 1, n_samples = 1
2025-06-18 15:11:24,402 - NIDS - WARNING - LOF single prediction failed, using fallback: Expected n_neighbors < n_samples_fit, but n_neighbors = 1, n_samples_fit = 1, n_samples = 1
2025-06-18 15:11:24,411 - NIDS - WARNING - LOF single prediction failed, using fallback: Expected n_neighbors < n_samples_fit, but n_neighbors = 1, n_samples_fit = 1, n_samples = 1
2025-06-18 15:11:24,420 - NIDS - WARNING - LOF single prediction failed, using fallback: Expected n_neighbors < n_samples_fit, but n_neighbors = 1, n_samples_fit = 1, n_samples = 1
2025-06-18 15:11:24,428 - NIDS - WARNING - LOF single prediction failed, using fallback: Expected n_neighbors < n_samples_fit, but n_neighbors = 1, n_samples_fit = 1, n_samples = 1
2025-06-18 15:11:24,437 - NIDS - WARNING - LOF single prediction failed, using fallback: Expected n_neighbors < n_samples_fit, but n_neighbors = 1, n_samples_fit = 1, n_samples = 1
2025-06-18 15:11:24,446 - NIDS - WARNING - LOF single prediction failed, using fallback: Expected n_neighbors < n_samples_fit, but n_neighbors = 1, n_samples_fit = 1, n_samples = 1
2025-06-18 15:11:24,456 - NIDS - WARNING - LOF single prediction failed, using fallback: Expected n_neighbors < n_samples_fit, but n_neighbors = 1, n_samples_fit = 1, n_samples = 1
2025-06-18 15:11:24,464 - NIDS - WARNING - LOF single prediction failed, using fallback: Expected n_neighbors < n_samples_fit, but n_neighbors = 1, n_samples_fit = 1, n_samples = 1
2025-06-18 15:11:24,472 - NIDS - WARNING - LOF single prediction failed, using fallback: Expected n_neighbors < n_samples_fit, but n_neighbors = 1, n_samples_fit = 1, n_samples = 1
2025-06-18 15:11:24,480 - NIDS - WARNING - LOF single prediction failed, using fallback: Expected n_neighbors < n_samples_fit, but n_neighbors = 1, n_samples_fit = 1, n_samples = 1
2025-06-18 15:11:24,489 - NIDS - WARNING - LOF single prediction failed, using fallback: Expected n_neighbors < n_samples_fit, but n_neighbors = 1, n_samples_fit = 1, n_samples = 1
2025-06-18 15:11:24,498 - NIDS - WARNING - LOF single prediction failed, using fallback: Expected n_neighbors < n_samples_fit, but n_neighbors = 1, n_samples_fit = 1, n_samples = 1
2025-06-18 15:11:24,507 - NIDS - WARNING - LOF single prediction failed, using fallback: Expected n_neighbors < n_samples_fit, but n_neighbors = 1, n_samples_fit = 1, n_samples = 1
2025-06-18 15:11:24,516 - NIDS - WARNING - LOF single prediction failed, using fallback: Expected n_neighbors < n_samples_fit, but n_neighbors = 1, n_samples_fit = 1, n_samples = 1
2025-06-18 15:11:24,524 - NIDS - WARNING - LOF single prediction failed, using fallback: Expected n_neighbors < n_samples_fit, but n_neighbors = 1, n_samples_fit = 1, n_samples = 1
2025-06-18 15:11:24,533 - NIDS - WARNING - LOF single prediction failed, using fallback: Expected n_neighbors < n_samples_fit, but n_neighbors = 1, n_samples_fit = 1, n_samples = 1
2025-06-18 15:11:24,542 - NIDS - WARNING - LOF single prediction failed, using fallback: Expected n_neighbors < n_samples_fit, but n_neighbors = 1, n_samples_fit = 1, n_samples = 1
2025-06-18 15:11:24,551 - NIDS - WARNING - LOF single prediction failed, using fallback: Expected n_neighbors < n_samples_fit, but n_neighbors = 1, n_samples_fit = 1, n_samples = 1
2025-06-18 15:11:24,559 - NIDS - WARNING - LOF single prediction failed, using fallback: Expected n_neighbors < n_samples_fit, but n_neighbors = 1, n_samples_fit = 1, n_samples = 1
2025-06-18 15:11:24,567 - NIDS - WARNING - LOF single prediction failed, using fallback: Expected n_neighbors < n_samples_fit, but n_neighbors = 1, n_samples_fit = 1, n_samples = 1
2025-06-18 15:11:24,576 - NIDS - WARNING - LOF single prediction failed, using fallback: Expected n_neighbors < n_samples_fit, but n_neighbors = 1, n_samples_fit = 1, n_samples = 1
2025-06-18 15:11:24,584 - NIDS - WARNING - LOF single prediction failed, using fallback: Expected n_neighbors < n_samples_fit, but n_neighbors = 1, n_samples_fit = 1, n_samples = 1
2025-06-18 15:11:24,592 - NIDS - WARNING - LOF single prediction failed, using fallback: Expected n_neighbors < n_samples_fit, but n_neighbors = 1, n_samples_fit = 1, n_samples = 1
2025-06-18 15:11:24,601 - NIDS - WARNING - LOF single prediction failed, using fallback: Expected n_neighbors < n_samples_fit, but n_neighbors = 1, n_samples_fit = 1, n_samples = 1
2025-06-18 15:11:24,610 - NIDS - WARNING - LOF single prediction failed, using fallback: Expected n_neighbors < n_samples_fit, but n_neighbors = 1, n_samples_fit = 1, n_samples = 1
2025-06-18 15:11:24,619 - NIDS - WARNING - LOF single prediction failed, using fallback: Expected n_neighbors < n_samples_fit, but n_neighbors = 1, n_samples_fit = 1, n_samples = 1
2025-06-18 15:11:24,629 - NIDS - WARNING - LOF single prediction failed, using fallback: Expected n_neighbors < n_samples_fit, but n_neighbors = 1, n_samples_fit = 1, n_samples = 1
2025-06-18 15:11:24,637 - NIDS - WARNING - LOF single prediction failed, using fallback: Expected n_neighbors < n_samples_fit, but n_neighbors = 1, n_samples_fit = 1, n_samples = 1
2025-06-18 15:11:24,646 - NIDS - WARNING - LOF single prediction failed, using fallback: Expected n_neighbors < n_samples_fit, but n_neighbors = 1, n_samples_fit = 1, n_samples = 1
2025-06-18 15:11:24,654 - NIDS - WARNING - LOF single prediction failed, using fallback: Expected n_neighbors < n_samples_fit, but n_neighbors = 1, n_samples_fit = 1, n_samples = 1
2025-06-18 15:11:24,663 - NIDS - WARNING - LOF single prediction failed, using fallback: Expected n_neighbors < n_samples_fit, but n_neighbors = 1, n_samples_fit = 1, n_samples = 1
2025-06-18 15:11:24,671 - NIDS - WARNING - LOF single prediction failed, using fallback: Expected n_neighbors < n_samples_fit, but n_neighbors = 1, n_samples_fit = 1, n_samples = 1
2025-06-18 15:11:24,682 - NIDS - WARNING - LOF single prediction failed, using fallback: Expected n_neighbors < n_samples_fit, but n_neighbors = 1, n_samples_fit = 1, n_samples = 1
2025-06-18 15:11:24,690 - NIDS - WARNING - LOF single prediction failed, using fallback: Expected n_neighbors < n_samples_fit, but n_neighbors = 1, n_samples_fit = 1, n_samples = 1
2025-06-18 15:11:24,699 - NIDS - WARNING - LOF single prediction failed, using fallback: Expected n_neighbors < n_samples_fit, but n_neighbors = 1, n_samples_fit = 1, n_samples = 1
2025-06-18 15:11:24,708 - NIDS - WARNING - LOF single prediction failed, using fallback: Expected n_neighbors < n_samples_fit, but n_neighbors = 1, n_samples_fit = 1, n_samples = 1
2025-06-18 15:11:24,716 - NIDS - WARNING - LOF single prediction failed, using fallback: Expected n_neighbors < n_samples_fit, but n_neighbors = 1, n_samples_fit = 1, n_samples = 1
2025-06-18 15:11:24,724 - NIDS - WARNING - LOF single prediction failed, using fallback: Expected n_neighbors < n_samples_fit, but n_neighbors = 1, n_samples_fit = 1, n_samples = 1
2025-06-18 15:11:24,733 - NIDS - WARNING - LOF single prediction failed, using fallback: Expected n_neighbors < n_samples_fit, but n_neighbors = 1, n_samples_fit = 1, n_samples = 1
2025-06-18 15:11:24,742 - NIDS - WARNING - LOF single prediction failed, using fallback: Expected n_neighbors < n_samples_fit, but n_neighbors = 1, n_samples_fit = 1, n_samples = 1
2025-06-18 15:11:24,750 - NIDS - WARNING - LOF single prediction failed, using fallback: Expected n_neighbors < n_samples_fit, but n_neighbors = 1, n_samples_fit = 1, n_samples = 1
2025-06-18 15:11:24,760 - NIDS - WARNING - LOF single prediction failed, using fallback: Expected n_neighbors < n_samples_fit, but n_neighbors = 1, n_samples_fit = 1, n_samples = 1
2025-06-18 15:11:24,769 - NIDS - WARNING - LOF single prediction failed, using fallback: Expected n_neighbors < n_samples_fit, but n_neighbors = 1, n_samples_fit = 1, n_samples = 1
2025-06-18 15:11:24,778 - NIDS - WARNING - LOF single prediction failed, using fallback: Expected n_neighbors < n_samples_fit, but n_neighbors = 1, n_samples_fit = 1, n_samples = 1
2025-06-18 15:11:24,786 - NIDS - WARNING - LOF single prediction failed, using fallback: Expected n_neighbors < n_samples_fit, but n_neighbors = 1, n_samples_fit = 1, n_samples = 1
2025-06-18 15:11:24,794 - NIDS - WARNING - LOF single prediction failed, using fallback: Expected n_neighbors < n_samples_fit, but n_neighbors = 1, n_samples_fit = 1, n_samples = 1
2025-06-18 15:11:24,803 - NIDS - WARNING - LOF single prediction failed, using fallback: Expected n_neighbors < n_samples_fit, but n_neighbors = 1, n_samples_fit = 1, n_samples = 1
2025-06-18 15:11:24,811 - NIDS - WARNING - LOF single prediction failed, using fallback: Expected n_neighbors < n_samples_fit, but n_neighbors = 1, n_samples_fit = 1, n_samples = 1
2025-06-18 15:11:24,819 - NIDS - WARNING - LOF single prediction failed, using fallback: Expected n_neighbors < n_samples_fit, but n_neighbors = 1, n_samples_fit = 1, n_samples = 1
2025-06-18 15:11:24,827 - NIDS - WARNING - LOF single prediction failed, using fallback: Expected n_neighbors < n_samples_fit, but n_neighbors = 1, n_samples_fit = 1, n_samples = 1
2025-06-18 15:11:24,835 - NIDS - WARNING - LOF single prediction failed, using fallback: Expected n_neighbors < n_samples_fit, but n_neighbors = 1, n_samples_fit = 1, n_samples = 1
2025-06-18 15:11:24,844 - NIDS - WARNING - LOF single prediction failed, using fallback: Expected n_neighbors < n_samples_fit, but n_neighbors = 1, n_samples_fit = 1, n_samples = 1
2025-06-18 15:11:24,853 - NIDS - WARNING - LOF single prediction failed, using fallback: Expected n_neighbors < n_samples_fit, but n_neighbors = 1, n_samples_fit = 1, n_samples = 1
2025-06-18 15:11:24,861 - NIDS - WARNING - LOF single prediction failed, using fallback: Expected n_neighbors < n_samples_fit, but n_neighbors = 1, n_samples_fit = 1, n_samples = 1
2025-06-18 15:11:24,869 - NIDS - WARNING - LOF single prediction failed, using fallback: Expected n_neighbors < n_samples_fit, but n_neighbors = 1, n_samples_fit = 1, n_samples = 1
2025-06-18 15:11:24,877 - NIDS - WARNING - LOF single prediction failed, using fallback: Expected n_neighbors < n_samples_fit, but n_neighbors = 1, n_samples_fit = 1, n_samples = 1
2025-06-18 15:11:24,886 - NIDS - WARNING - LOF single prediction failed, using fallback: Expected n_neighbors < n_samples_fit, but n_neighbors = 1, n_samples_fit = 1, n_samples = 1
2025-06-18 15:11:24,895 - NIDS - WARNING - LOF single prediction failed, using fallback: Expected n_neighbors < n_samples_fit, but n_neighbors = 1, n_samples_fit = 1, n_samples = 1
2025-06-18 15:11:24,903 - NIDS - WARNING - LOF single prediction failed, using fallback: Expected n_neighbors < n_samples_fit, but n_neighbors = 1, n_samples_fit = 1, n_samples = 1
2025-06-18 15:11:24,912 - NIDS - WARNING - LOF single prediction failed, using fallback: Expected n_neighbors < n_samples_fit, but n_neighbors = 1, n_samples_fit = 1, n_samples = 1
2025-06-18 15:11:24,921 - NIDS - WARNING - LOF single prediction failed, using fallback: Expected n_neighbors < n_samples_fit, but n_neighbors = 1, n_samples_fit = 1, n_samples = 1
2025-06-18 15:11:24,929 - NIDS - WARNING - LOF single prediction failed, using fallback: Expected n_neighbors < n_samples_fit, but n_neighbors = 1, n_samples_fit = 1, n_samples = 1
2025-06-18 15:11:24,938 - NIDS - WARNING - LOF single prediction failed, using fallback: Expected n_neighbors < n_samples_fit, but n_neighbors = 1, n_samples_fit = 1, n_samples = 1
2025-06-18 15:11:24,958 - NIDS - WARNING - LOF single prediction failed, using fallback: Expected n_neighbors < n_samples_fit, but n_neighbors = 1, n_samples_fit = 1, n_samples = 1
2025-06-18 15:11:24,966 - NIDS - WARNING - LOF single prediction failed, using fallback: Expected n_neighbors < n_samples_fit, but n_neighbors = 1, n_samples_fit = 1, n_samples = 1
2025-06-18 15:11:24,974 - NIDS - WARNING - LOF single prediction failed, using fallback: Expected n_neighbors < n_samples_fit, but n_neighbors = 1, n_samples_fit = 1, n_samples = 1
2025-06-18 15:11:24,982 - NIDS - WARNING - LOF single prediction failed, using fallback: Expected n_neighbors < n_samples_fit, but n_neighbors = 1, n_samples_fit = 1, n_samples = 1
2025-06-18 15:11:24,998 - NIDS - WARNING - LOF single prediction failed, using fallback: Expected n_neighbors < n_samples_fit, but n_neighbors = 1, n_samples_fit = 1, n_samples = 1
2025-06-18 15:11:25,007 - NIDS - WARNING - LOF single prediction failed, using fallback: Expected n_neighbors < n_samples_fit, but n_neighbors = 1, n_samples_fit = 1, n_samples = 1
2025-06-18 15:11:25,017 - NIDS - WARNING - LOF single prediction failed, using fallback: Expected n_neighbors < n_samples_fit, but n_neighbors = 1, n_samples_fit = 1, n_samples = 1
2025-06-18 15:11:25,026 - NIDS - WARNING - LOF single prediction failed, using fallback: Expected n_neighbors < n_samples_fit, but n_neighbors = 1, n_samples_fit = 1, n_samples = 1
2025-06-18 15:11:25,035 - NIDS - WARNING - LOF single prediction failed, using fallback: Expected n_neighbors < n_samples_fit, but n_neighbors = 1, n_samples_fit = 1, n_samples = 1
2025-06-18 15:11:25,044 - NIDS - WARNING - LOF single prediction failed, using fallback: Expected n_neighbors < n_samples_fit, but n_neighbors = 1, n_samples_fit = 1, n_samples = 1
2025-06-18 15:11:25,053 - NIDS - WARNING - LOF single prediction failed, using fallback: Expected n_neighbors < n_samples_fit, but n_neighbors = 1, n_samples_fit = 1, n_samples = 1
2025-06-18 15:11:25,061 - NIDS - WARNING - LOF single prediction failed, using fallback: Expected n_neighbors < n_samples_fit, but n_neighbors = 1, n_samples_fit = 1, n_samples = 1
2025-06-18 15:11:25,070 - NIDS - WARNING - LOF single prediction failed, using fallback: Expected n_neighbors < n_samples_fit, but n_neighbors = 1, n_samples_fit = 1, n_samples = 1
2025-06-18 15:11:25,078 - NIDS - WARNING - LOF single prediction failed, using fallback: Expected n_neighbors < n_samples_fit, but n_neighbors = 1, n_samples_fit = 1, n_samples = 1
2025-06-18 15:11:25,088 - NIDS - WARNING - LOF single prediction failed, using fallback: Expected n_neighbors < n_samples_fit, but n_neighbors = 1, n_samples_fit = 1, n_samples = 1
2025-06-18 15:11:25,096 - NIDS - WARNING - LOF single prediction failed, using fallback: Expected n_neighbors < n_samples_fit, but n_neighbors = 1, n_samples_fit = 1, n_samples = 1
2025-06-18 15:11:25,121 - NIDS - WARNING - LOF single prediction failed, using fallback: Expected n_neighbors < n_samples_fit, but n_neighbors = 1, n_samples_fit = 1, n_samples = 1
2025-06-18 15:11:25,143 - NIDS - WARNING - LOF single prediction failed, using fallback: Expected n_neighbors < n_samples_fit, but n_neighbors = 1, n_samples_fit = 1, n_samples = 1
2025-06-18 15:11:25,158 - NIDS - WARNING - LOF single prediction failed, using fallback: Expected n_neighbors < n_samples_fit, but n_neighbors = 1, n_samples_fit = 1, n_samples = 1
2025-06-18 15:11:25,169 - NIDS - WARNING - LOF single prediction failed, using fallback: Expected n_neighbors < n_samples_fit, but n_neighbors = 1, n_samples_fit = 1, n_samples = 1
2025-06-18 15:11:25,179 - NIDS - WARNING - LOF single prediction failed, using fallback: Expected n_neighbors < n_samples_fit, but n_neighbors = 1, n_samples_fit = 1, n_samples = 1
2025-06-18 15:11:25,188 - NIDS - WARNING - LOF single prediction failed, using fallback: Expected n_neighbors < n_samples_fit, but n_neighbors = 1, n_samples_fit = 1, n_samples = 1
2025-06-18 15:11:25,198 - NIDS - WARNING - LOF single prediction failed, using fallback: Expected n_neighbors < n_samples_fit, but n_neighbors = 1, n_samples_fit = 1, n_samples = 1
2025-06-18 15:11:25,207 - NIDS - WARNING - LOF single prediction failed, using fallback: Expected n_neighbors < n_samples_fit, but n_neighbors = 1, n_samples_fit = 1, n_samples = 1
2025-06-18 15:11:25,217 - NIDS - WARNING - LOF single prediction failed, using fallback: Expected n_neighbors < n_samples_fit, but n_neighbors = 1, n_samples_fit = 1, n_samples = 1
2025-06-18 15:11:25,231 - NIDS - WARNING - LOF single prediction failed, using fallback: Expected n_neighbors < n_samples_fit, but n_neighbors = 1, n_samples_fit = 1, n_samples = 1
2025-06-18 15:11:25,246 - NIDS - WARNING - LOF single prediction failed, using fallback: Expected n_neighbors < n_samples_fit, but n_neighbors = 1, n_samples_fit = 1, n_samples = 1
2025-06-18 15:11:25,256 - NIDS - WARNING - LOF single prediction failed, using fallback: Expected n_neighbors < n_samples_fit, but n_neighbors = 1, n_samples_fit = 1, n_samples = 1
2025-06-18 15:11:25,265 - NIDS - WARNING - LOF single prediction failed, using fallback: Expected n_neighbors < n_samples_fit, but n_neighbors = 1, n_samples_fit = 1, n_samples = 1
2025-06-18 15:11:25,274 - NIDS - WARNING - LOF single prediction failed, using fallback: Expected n_neighbors < n_samples_fit, but n_neighbors = 1, n_samples_fit = 1, n_samples = 1
2025-06-18 15:11:25,282 - NIDS - WARNING - LOF single prediction failed, using fallback: Expected n_neighbors < n_samples_fit, but n_neighbors = 1, n_samples_fit = 1, n_samples = 1
2025-06-18 15:11:25,291 - NIDS - WARNING - LOF single prediction failed, using fallback: Expected n_neighbors < n_samples_fit, but n_neighbors = 1, n_samples_fit = 1, n_samples = 1
2025-06-18 15:11:25,299 - NIDS - WARNING - LOF single prediction failed, using fallback: Expected n_neighbors < n_samples_fit, but n_neighbors = 1, n_samples_fit = 1, n_samples = 1
2025-06-18 15:11:25,307 - NIDS - WARNING - LOF single prediction failed, using fallback: Expected n_neighbors < n_samples_fit, but n_neighbors = 1, n_samples_fit = 1, n_samples = 1
2025-06-18 15:11:25,315 - NIDS - WARNING - LOF single prediction failed, using fallback: Expected n_neighbors < n_samples_fit, but n_neighbors = 1, n_samples_fit = 1, n_samples = 1
2025-06-18 15:11:25,323 - NIDS - WARNING - LOF single prediction failed, using fallback: Expected n_neighbors < n_samples_fit, but n_neighbors = 1, n_samples_fit = 1, n_samples = 1
2025-06-18 15:11:25,331 - NIDS - WARNING - LOF single prediction failed, using fallback: Expected n_neighbors < n_samples_fit, but n_neighbors = 1, n_samples_fit = 1, n_samples = 1
2025-06-18 15:11:25,339 - NIDS - WARNING - LOF single prediction failed, using fallback: Expected n_neighbors < n_samples_fit, but n_neighbors = 1, n_samples_fit = 1, n_samples = 1
2025-06-18 15:11:25,347 - NIDS - WARNING - LOF single prediction failed, using fallback: Expected n_neighbors < n_samples_fit, but n_neighbors = 1, n_samples_fit = 1, n_samples = 1
2025-06-18 15:11:25,357 - NIDS - WARNING - LOF single prediction failed, using fallback: Expected n_neighbors < n_samples_fit, but n_neighbors = 1, n_samples_fit = 1, n_samples = 1
2025-06-18 15:11:25,365 - NIDS - WARNING - LOF single prediction failed, using fallback: Expected n_neighbors < n_samples_fit, but n_neighbors = 1, n_samples_fit = 1, n_samples = 1
2025-06-18 15:11:25,372 - NIDS - WARNING - LOF single prediction failed, using fallback: Expected n_neighbors < n_samples_fit, but n_neighbors = 1, n_samples_fit = 1, n_samples = 1
2025-06-18 15:11:25,381 - NIDS - WARNING - LOF single prediction failed, using fallback: Expected n_neighbors < n_samples_fit, but n_neighbors = 1, n_samples_fit = 1, n_samples = 1
2025-06-18 15:11:25,390 - NIDS - WARNING - LOF single prediction failed, using fallback: Expected n_neighbors < n_samples_fit, but n_neighbors = 1, n_samples_fit = 1, n_samples = 1
2025-06-18 15:11:25,399 - NIDS - WARNING - LOF single prediction failed, using fallback: Expected n_neighbors < n_samples_fit, but n_neighbors = 1, n_samples_fit = 1, n_samples = 1
2025-06-18 15:11:25,406 - NIDS - WARNING - LOF single prediction failed, using fallback: Expected n_neighbors < n_samples_fit, but n_neighbors = 1, n_samples_fit = 1, n_samples = 1
2025-06-18 15:11:25,415 - NIDS - WARNING - LOF single prediction failed, using fallback: Expected n_neighbors < n_samples_fit, but n_neighbors = 1, n_samples_fit = 1, n_samples = 1
2025-06-18 15:11:25,423 - NIDS - WARNING - LOF single prediction failed, using fallback: Expected n_neighbors < n_samples_fit, but n_neighbors = 1, n_samples_fit = 1, n_samples = 1
2025-06-18 15:11:25,432 - NIDS - WARNING - LOF single prediction failed, using fallback: Expected n_neighbors < n_samples_fit, but n_neighbors = 1, n_samples_fit = 1, n_samples = 1
2025-06-18 15:11:25,440 - NIDS - WARNING - LOF single prediction failed, using fallback: Expected n_neighbors < n_samples_fit, but n_neighbors = 1, n_samples_fit = 1, n_samples = 1
2025-06-18 15:11:25,449 - NIDS - WARNING - LOF single prediction failed, using fallback: Expected n_neighbors < n_samples_fit, but n_neighbors = 1, n_samples_fit = 1, n_samples = 1
2025-06-18 15:11:25,457 - NIDS - WARNING - LOF single prediction failed, using fallback: Expected n_neighbors < n_samples_fit, but n_neighbors = 1, n_samples_fit = 1, n_samples = 1
2025-06-18 15:11:25,465 - NIDS - WARNING - LOF single prediction failed, using fallback: Expected n_neighbors < n_samples_fit, but n_neighbors = 1, n_samples_fit = 1, n_samples = 1
2025-06-18 15:11:25,473 - NIDS - WARNING - LOF single prediction failed, using fallback: Expected n_neighbors < n_samples_fit, but n_neighbors = 1, n_samples_fit = 1, n_samples = 1
2025-06-18 15:11:25,482 - NIDS - WARNING - LOF single prediction failed, using fallback: Expected n_neighbors < n_samples_fit, but n_neighbors = 1, n_samples_fit = 1, n_samples = 1
2025-06-18 15:11:25,489 - NIDS - WARNING - LOF single prediction failed, using fallback: Expected n_neighbors < n_samples_fit, but n_neighbors = 1, n_samples_fit = 1, n_samples = 1
2025-06-18 15:11:25,498 - NIDS - WARNING - LOF single prediction failed, using fallback: Expected n_neighbors < n_samples_fit, but n_neighbors = 1, n_samples_fit = 1, n_samples = 1
2025-06-18 15:11:25,508 - NIDS - WARNING - LOF single prediction failed, using fallback: Expected n_neighbors < n_samples_fit, but n_neighbors = 1, n_samples_fit = 1, n_samples = 1
2025-06-18 15:11:25,517 - NIDS - WARNING - LOF single prediction failed, using fallback: Expected n_neighbors < n_samples_fit, but n_neighbors = 1, n_samples_fit = 1, n_samples = 1
2025-06-18 15:11:25,526 - NIDS - WARNING - LOF single prediction failed, using fallback: Expected n_neighbors < n_samples_fit, but n_neighbors = 1, n_samples_fit = 1, n_samples = 1
2025-06-18 15:11:25,534 - NIDS - WARNING - LOF single prediction failed, using fallback: Expected n_neighbors < n_samples_fit, but n_neighbors = 1, n_samples_fit = 1, n_samples = 1
2025-06-18 15:11:25,542 - NIDS - WARNING - LOF single prediction failed, using fallback: Expected n_neighbors < n_samples_fit, but n_neighbors = 1, n_samples_fit = 1, n_samples = 1
2025-06-18 15:11:25,552 - NIDS - WARNING - LOF single prediction failed, using fallback: Expected n_neighbors < n_samples_fit, but n_neighbors = 1, n_samples_fit = 1, n_samples = 1
2025-06-18 15:11:25,560 - NIDS - WARNING - LOF single prediction failed, using fallback: Expected n_neighbors < n_samples_fit, but n_neighbors = 1, n_samples_fit = 1, n_samples = 1
2025-06-18 15:11:25,568 - NIDS - WARNING - LOF single prediction failed, using fallback: Expected n_neighbors < n_samples_fit, but n_neighbors = 1, n_samples_fit = 1, n_samples = 1
2025-06-18 15:11:25,577 - NIDS - WARNING - LOF single prediction failed, using fallback: Expected n_neighbors < n_samples_fit, but n_neighbors = 1, n_samples_fit = 1, n_samples = 1
2025-06-18 15:11:25,585 - NIDS - WARNING - LOF single prediction failed, using fallback: Expected n_neighbors < n_samples_fit, but n_neighbors = 1, n_samples_fit = 1, n_samples = 1
2025-06-18 15:11:25,592 - NIDS - WARNING - LOF single prediction failed, using fallback: Expected n_neighbors < n_samples_fit, but n_neighbors = 1, n_samples_fit = 1, n_samples = 1
2025-06-18 15:11:25,599 - NIDS - WARNING - LOF single prediction failed, using fallback: Expected n_neighbors < n_samples_fit, but n_neighbors = 1, n_samples_fit = 1, n_samples = 1
2025-06-18 15:11:25,608 - NIDS - WARNING - LOF single prediction failed, using fallback: Expected n_neighbors < n_samples_fit, but n_neighbors = 1, n_samples_fit = 1, n_samples = 1
2025-06-18 15:11:25,616 - NIDS - WARNING - LOF single prediction failed, using fallback: Expected n_neighbors < n_samples_fit, but n_neighbors = 1, n_samples_fit = 1, n_samples = 1
2025-06-18 15:11:25,624 - NIDS - WARNING - LOF single prediction failed, using fallback: Expected n_neighbors < n_samples_fit, but n_neighbors = 1, n_samples_fit = 1, n_samples = 1
2025-06-18 15:11:25,632 - NIDS - WARNING - LOF single prediction failed, using fallback: Expected n_neighbors < n_samples_fit, but n_neighbors = 1, n_samples_fit = 1, n_samples = 1
2025-06-18 15:11:25,641 - NIDS - WARNING - LOF single prediction failed, using fallback: Expected n_neighbors < n_samples_fit, but n_neighbors = 1, n_samples_fit = 1, n_samples = 1
2025-06-18 15:11:25,648 - NIDS - WARNING - LOF single prediction failed, using fallback: Expected n_neighbors < n_samples_fit, but n_neighbors = 1, n_samples_fit = 1, n_samples = 1
2025-06-18 15:11:25,656 - NIDS - WARNING - LOF single prediction failed, using fallback: Expected n_neighbors < n_samples_fit, but n_neighbors = 1, n_samples_fit = 1, n_samples = 1
2025-06-18 15:11:25,665 - NIDS - WARNING - LOF single prediction failed, using fallback: Expected n_neighbors < n_samples_fit, but n_neighbors = 1, n_samples_fit = 1, n_samples = 1
2025-06-18 15:11:25,674 - NIDS - WARNING - LOF single prediction failed, using fallback: Expected n_neighbors < n_samples_fit, but n_neighbors = 1, n_samples_fit = 1, n_samples = 1
2025-06-18 15:11:25,687 - NIDS - WARNING - LOF single prediction failed, using fallback: Expected n_neighbors < n_samples_fit, but n_neighbors = 1, n_samples_fit = 1, n_samples = 1
2025-06-18 15:11:25,700 - NIDS - WARNING - LOF single prediction failed, using fallback: Expected n_neighbors < n_samples_fit, but n_neighbors = 1, n_samples_fit = 1, n_samples = 1
2025-06-18 15:11:25,710 - NIDS - WARNING - LOF single prediction failed, using fallback: Expected n_neighbors < n_samples_fit, but n_neighbors = 1, n_samples_fit = 1, n_samples = 1
2025-06-18 15:11:25,720 - NIDS - WARNING - LOF single prediction failed, using fallback: Expected n_neighbors < n_samples_fit, but n_neighbors = 1, n_samples_fit = 1, n_samples = 1
2025-06-18 15:11:25,729 - NIDS - WARNING - LOF single prediction failed, using fallback: Expected n_neighbors < n_samples_fit, but n_neighbors = 1, n_samples_fit = 1, n_samples = 1
2025-06-18 15:11:25,738 - NIDS - WARNING - LOF single prediction failed, using fallback: Expected n_neighbors < n_samples_fit, but n_neighbors = 1, n_samples_fit = 1, n_samples = 1
2025-06-18 15:11:25,746 - NIDS - WARNING - LOF single prediction failed, using fallback: Expected n_neighbors < n_samples_fit, but n_neighbors = 1, n_samples_fit = 1, n_samples = 1
2025-06-18 15:11:25,754 - NIDS - WARNING - LOF single prediction failed, using fallback: Expected n_neighbors < n_samples_fit, but n_neighbors = 1, n_samples_fit = 1, n_samples = 1
2025-06-18 15:11:25,762 - NIDS - WARNING - LOF single prediction failed, using fallback: Expected n_neighbors < n_samples_fit, but n_neighbors = 1, n_samples_fit = 1, n_samples = 1
2025-06-18 15:11:25,770 - NIDS - WARNING - LOF single prediction failed, using fallback: Expected n_neighbors < n_samples_fit, but n_neighbors = 1, n_samples_fit = 1, n_samples = 1
2025-06-18 15:11:25,779 - NIDS - WARNING - LOF single prediction failed, using fallback: Expected n_neighbors < n_samples_fit, but n_neighbors = 1, n_samples_fit = 1, n_samples = 1
2025-06-18 15:11:25,789 - NIDS - WARNING - LOF single prediction failed, using fallback: Expected n_neighbors < n_samples_fit, but n_neighbors = 1, n_samples_fit = 1, n_samples = 1
2025-06-18 15:11:25,797 - NIDS - WARNING - LOF single prediction failed, using fallback: Expected n_neighbors < n_samples_fit, but n_neighbors = 1, n_samples_fit = 1, n_samples = 1
2025-06-18 15:11:25,806 - NIDS - WARNING - LOF single prediction failed, using fallback: Expected n_neighbors < n_samples_fit, but n_neighbors = 1, n_samples_fit = 1, n_samples = 1
2025-06-18 15:11:25,815 - NIDS - WARNING - LOF single prediction failed, using fallback: Expected n_neighbors < n_samples_fit, but n_neighbors = 1, n_samples_fit = 1, n_samples = 1
2025-06-18 15:11:25,823 - NIDS - WARNING - LOF single prediction failed, using fallback: Expected n_neighbors < n_samples_fit, but n_neighbors = 1, n_samples_fit = 1, n_samples = 1
2025-06-18 15:11:25,831 - NIDS - WARNING - LOF single prediction failed, using fallback: Expected n_neighbors < n_samples_fit, but n_neighbors = 1, n_samples_fit = 1, n_samples = 1
2025-06-18 15:11:25,839 - NIDS - WARNING - LOF single prediction failed, using fallback: Expected n_neighbors < n_samples_fit, but n_neighbors = 1, n_samples_fit = 1, n_samples = 1
2025-06-18 15:11:25,847 - NIDS - WARNING - LOF single prediction failed, using fallback: Expected n_neighbors < n_samples_fit, but n_neighbors = 1, n_samples_fit = 1, n_samples = 1
2025-06-18 15:11:25,855 - NIDS - WARNING - LOF single prediction failed, using fallback: Expected n_neighbors < n_samples_fit, but n_neighbors = 1, n_samples_fit = 1, n_samples = 1
2025-06-18 15:11:25,863 - NIDS - WARNING - LOF single prediction failed, using fallback: Expected n_neighbors < n_samples_fit, but n_neighbors = 1, n_samples_fit = 1, n_samples = 1
2025-06-18 15:11:25,872 - NIDS - WARNING - LOF single prediction failed, using fallback: Expected n_neighbors < n_samples_fit, but n_neighbors = 1, n_samples_fit = 1, n_samples = 1
2025-06-18 15:11:25,881 - NIDS - WARNING - LOF single prediction failed, using fallback: Expected n_neighbors < n_samples_fit, but n_neighbors = 1, n_samples_fit = 1, n_samples = 1
2025-06-18 15:11:25,891 - NIDS - WARNING - LOF single prediction failed, using fallback: Expected n_neighbors < n_samples_fit, but n_neighbors = 1, n_samples_fit = 1, n_samples = 1
2025-06-18 15:11:25,900 - NIDS - WARNING - LOF single prediction failed, using fallback: Expected n_neighbors < n_samples_fit, but n_neighbors = 1, n_samples_fit = 1, n_samples = 1
2025-06-18 15:11:25,909 - NIDS - WARNING - LOF single prediction failed, using fallback: Expected n_neighbors < n_samples_fit, but n_neighbors = 1, n_samples_fit = 1, n_samples = 1
2025-06-18 15:11:25,920 - NIDS - WARNING - LOF single prediction failed, using fallback: Expected n_neighbors < n_samples_fit, but n_neighbors = 1, n_samples_fit = 1, n_samples = 1
2025-06-18 15:11:25,929 - NIDS - WARNING - LOF single prediction failed, using fallback: Expected n_neighbors < n_samples_fit, but n_neighbors = 1, n_samples_fit = 1, n_samples = 1
2025-06-18 15:11:25,937 - NIDS - WARNING - LOF single prediction failed, using fallback: Expected n_neighbors < n_samples_fit, but n_neighbors = 1, n_samples_fit = 1, n_samples = 1
2025-06-18 15:11:25,951 - NIDS - WARNING - LOF single prediction failed, using fallback: Expected n_neighbors < n_samples_fit, but n_neighbors = 1, n_samples_fit = 1, n_samples = 1
2025-06-18 15:11:25,960 - NIDS - WARNING - LOF single prediction failed, using fallback: Expected n_neighbors < n_samples_fit, but n_neighbors = 1, n_samples_fit = 1, n_samples = 1
2025-06-18 15:11:25,969 - NIDS - WARNING - LOF single prediction failed, using fallback: Expected n_neighbors < n_samples_fit, but n_neighbors = 1, n_samples_fit = 1, n_samples = 1
2025-06-18 15:11:25,979 - NIDS - WARNING - LOF single prediction failed, using fallback: Expected n_neighbors < n_samples_fit, but n_neighbors = 1, n_samples_fit = 1, n_samples = 1
2025-06-18 15:11:25,987 - NIDS - WARNING - LOF single prediction failed, using fallback: Expected n_neighbors < n_samples_fit, but n_neighbors = 1, n_samples_fit = 1, n_samples = 1
2025-06-18 15:11:25,996 - NIDS - WARNING - LOF single prediction failed, using fallback: Expected n_neighbors < n_samples_fit, but n_neighbors = 1, n_samples_fit = 1, n_samples = 1
2025-06-18 15:11:26,005 - NIDS - WARNING - LOF single prediction failed, using fallback: Expected n_neighbors < n_samples_fit, but n_neighbors = 1, n_samples_fit = 1, n_samples = 1
2025-06-18 15:11:26,013 - NIDS - WARNING - LOF single prediction failed, using fallback: Expected n_neighbors < n_samples_fit, but n_neighbors = 1, n_samples_fit = 1, n_samples = 1
2025-06-18 15:11:26,032 - NIDS - WARNING - LOF single prediction failed, using fallback: Expected n_neighbors < n_samples_fit, but n_neighbors = 1, n_samples_fit = 1, n_samples = 1
2025-06-18 15:11:26,041 - NIDS - WARNING - LOF single prediction failed, using fallback: Expected n_neighbors < n_samples_fit, but n_neighbors = 1, n_samples_fit = 1, n_samples = 1
2025-06-18 15:11:26,050 - NIDS - WARNING - LOF single prediction failed, using fallback: Expected n_neighbors < n_samples_fit, but n_neighbors = 1, n_samples_fit = 1, n_samples = 1
2025-06-18 15:11:26,058 - NIDS - WARNING - LOF single prediction failed, using fallback: Expected n_neighbors < n_samples_fit, but n_neighbors = 1, n_samples_fit = 1, n_samples = 1
2025-06-18 15:11:26,068 - NIDS - WARNING - LOF single prediction failed, using fallback: Expected n_neighbors < n_samples_fit, but n_neighbors = 1, n_samples_fit = 1, n_samples = 1
2025-06-18 15:11:26,077 - NIDS - WARNING - LOF single prediction failed, using fallback: Expected n_neighbors < n_samples_fit, but n_neighbors = 1, n_samples_fit = 1, n_samples = 1
2025-06-18 15:11:26,086 - NIDS - WARNING - LOF single prediction failed, using fallback: Expected n_neighbors < n_samples_fit, but n_neighbors = 1, n_samples_fit = 1, n_samples = 1
2025-06-18 15:11:26,095 - NIDS - WARNING - LOF single prediction failed, using fallback: Expected n_neighbors < n_samples_fit, but n_neighbors = 1, n_samples_fit = 1, n_samples = 1
2025-06-18 15:11:26,104 - NIDS - WARNING - LOF single prediction failed, using fallback: Expected n_neighbors < n_samples_fit, but n_neighbors = 1, n_samples_fit = 1, n_samples = 1
2025-06-18 15:11:26,114 - NIDS - WARNING - LOF single prediction failed, using fallback: Expected n_neighbors < n_samples_fit, but n_neighbors = 1, n_samples_fit = 1, n_samples = 1
2025-06-18 15:11:26,123 - NIDS - WARNING - LOF single prediction failed, using fallback: Expected n_neighbors < n_samples_fit, but n_neighbors = 1, n_samples_fit = 1, n_samples = 1
2025-06-18 15:11:26,133 - NIDS - WARNING - LOF single prediction failed, using fallback: Expected n_neighbors < n_samples_fit, but n_neighbors = 1, n_samples_fit = 1, n_samples = 1
2025-06-18 15:11:26,142 - NIDS - WARNING - LOF single prediction failed, using fallback: Expected n_neighbors < n_samples_fit, but n_neighbors = 1, n_samples_fit = 1, n_samples = 1
2025-06-18 15:11:26,151 - NIDS - WARNING - LOF single prediction failed, using fallback: Expected n_neighbors < n_samples_fit, but n_neighbors = 1, n_samples_fit = 1, n_samples = 1
2025-06-18 15:11:26,160 - NIDS - WARNING - LOF single prediction failed, using fallback: Expected n_neighbors < n_samples_fit, but n_neighbors = 1, n_samples_fit = 1, n_samples = 1
2025-06-18 15:11:26,168 - NIDS - WARNING - LOF single prediction failed, using fallback: Expected n_neighbors < n_samples_fit, but n_neighbors = 1, n_samples_fit = 1, n_samples = 1
2025-06-18 15:11:26,177 - NIDS - WARNING - LOF single prediction failed, using fallback: Expected n_neighbors < n_samples_fit, but n_neighbors = 1, n_samples_fit = 1, n_samples = 1
2025-06-18 15:11:26,186 - NIDS - WARNING - LOF single prediction failed, using fallback: Expected n_neighbors < n_samples_fit, but n_neighbors = 1, n_samples_fit = 1, n_samples = 1
2025-06-18 15:11:26,195 - NIDS - WARNING - LOF single prediction failed, using fallback: Expected n_neighbors < n_samples_fit, but n_neighbors = 1, n_samples_fit = 1, n_samples = 1
2025-06-18 15:11:26,203 - NIDS - WARNING - LOF single prediction failed, using fallback: Expected n_neighbors < n_samples_fit, but n_neighbors = 1, n_samples_fit = 1, n_samples = 1
2025-06-18 15:11:26,215 - NIDS - WARNING - LOF single prediction failed, using fallback: Expected n_neighbors < n_samples_fit, but n_neighbors = 1, n_samples_fit = 1, n_samples = 1
2025-06-18 15:11:26,223 - NIDS - WARNING - LOF single prediction failed, using fallback: Expected n_neighbors < n_samples_fit, but n_neighbors = 1, n_samples_fit = 1, n_samples = 1
2025-06-18 15:11:26,232 - NIDS - WARNING - LOF single prediction failed, using fallback: Expected n_neighbors < n_samples_fit, but n_neighbors = 1, n_samples_fit = 1, n_samples = 1
2025-06-18 15:11:26,243 - NIDS - WARNING - LOF single prediction failed, using fallback: Expected n_neighbors < n_samples_fit, but n_neighbors = 1, n_samples_fit = 1, n_samples = 1
2025-06-18 15:11:26,252 - NIDS - WARNING - LOF single prediction failed, using fallback: Expected n_neighbors < n_samples_fit, but n_neighbors = 1, n_samples_fit = 1, n_samples = 1
2025-06-18 15:11:26,262 - NIDS - WARNING - LOF single prediction failed, using fallback: Expected n_neighbors < n_samples_fit, but n_neighbors = 1, n_samples_fit = 1, n_samples = 1
2025-06-18 15:11:26,271 - NIDS - WARNING - LOF single prediction failed, using fallback: Expected n_neighbors < n_samples_fit, but n_neighbors = 1, n_samples_fit = 1, n_samples = 1
2025-06-18 15:11:26,280 - NIDS - WARNING - LOF single prediction failed, using fallback: Expected n_neighbors < n_samples_fit, but n_neighbors = 1, n_samples_fit = 1, n_samples = 1
2025-06-18 15:11:26,292 - NIDS - WARNING - LOF single prediction failed, using fallback: Expected n_neighbors < n_samples_fit, but n_neighbors = 1, n_samples_fit = 1, n_samples = 1
2025-06-18 15:11:26,301 - NIDS - WARNING - LOF single prediction failed, using fallback: Expected n_neighbors < n_samples_fit, but n_neighbors = 1, n_samples_fit = 1, n_samples = 1
2025-06-18 15:11:26,309 - NIDS - WARNING - LOF single prediction failed, using fallback: Expected n_neighbors < n_samples_fit, but n_neighbors = 1, n_samples_fit = 1, n_samples = 1
2025-06-18 15:11:26,318 - NIDS - WARNING - LOF single prediction failed, using fallback: Expected n_neighbors < n_samples_fit, but n_neighbors = 1, n_samples_fit = 1, n_samples = 1
2025-06-18 15:11:26,327 - NIDS - WARNING - LOF single prediction failed, using fallback: Expected n_neighbors < n_samples_fit, but n_neighbors = 1, n_samples_fit = 1, n_samples = 1
2025-06-18 15:11:26,336 - NIDS - WARNING - LOF single prediction failed, using fallback: Expected n_neighbors < n_samples_fit, but n_neighbors = 1, n_samples_fit = 1, n_samples = 1
2025-06-18 15:11:26,342 - NIDS - INFO - Ensemble evaluation - Accuracy: 0.855, F1: 0.033
2025-06-18 15:11:26,343 - NIDS - INFO - Model Evaluation Results:
2025-06-18 15:11:26,343 - NIDS - INFO - Accuracy: 0.855
2025-06-18 15:11:26,343 - NIDS - INFO - Precision: 0.050
2025-06-18 15:11:26,343 - NIDS - INFO - Recall: 0.025
2025-06-18 15:11:26,344 - NIDS - INFO - F1-Score: 0.033
2025-06-18 15:11:26,344 - NIDS - INFO - Confusion Matrix:
2025-06-18 15:11:26,344 - NIDS - INFO -   TN: 341, FP: 19
2025-06-18 15:11:26,344 - NIDS - INFO -   FN: 39, TP: 1
2025-06-18 15:11:26,344 - NIDS - INFO - ✅ Model meets accuracy requirement (>80%)
2025-06-18 15:11:26,345 - NIDS - INFO - Training completed successfully!
2025-06-18 15:13:59,930 - NIDS - INFO - NIDS System Starting...
2025-06-18 15:13:59,931 - NIDS - INFO - Mode: web
2025-06-18 15:13:59,931 - NIDS - INFO - Interface: eth0
2025-06-18 15:13:59,931 - NIDS - INFO - Model Type: ensemble
2025-06-18 15:13:59,931 - NIDS - INFO - Starting web dashboard on port 5000
2025-06-18 15:13:59,931 - NIDS - INFO - Access the dashboard at: http://localhost:5000
2025-06-18 15:14:07,677 - NIDS - INFO - NIDS System Starting...
2025-06-18 15:14:07,677 - NIDS - INFO - Mode: web
2025-06-18 15:14:07,678 - NIDS - INFO - Interface: eth0
2025-06-18 15:14:07,678 - NIDS - INFO - Model Type: ensemble
2025-06-18 15:14:07,678 - NIDS - INFO - Starting web dashboard on port 5000
2025-06-18 15:14:07,678 - NIDS - INFO - Access the dashboard at: http://localhost:5000
2025-06-18 15:15:57,686 - NIDS - INFO - NIDS System Starting...
2025-06-18 15:15:57,687 - NIDS - INFO - Mode: web
2025-06-18 15:15:57,687 - NIDS - INFO - Interface: eth0
2025-06-18 15:15:57,687 - NIDS - INFO - Model Type: ensemble
2025-06-18 15:15:57,687 - NIDS - INFO - Starting web dashboard on port 5000
2025-06-18 15:15:57,688 - NIDS - INFO - Access the dashboard at: http://localhost:5000
2025-06-18 15:20:05,569 - NIDS - INFO - Packet capture initialized on interface: eth0
2025-06-18 15:20:05,570 - NIDS - INFO - Feature extractor initialized with window size: 100
2025-06-18 15:20:05,570 - NIDS - INFO - Initialized isolation_forest anomaly detector
2025-06-18 15:20:05,571 - NIDS - INFO - Initialized one_class_svm anomaly detector
2025-06-18 15:20:05,571 - NIDS - INFO - Initialized local_outlier_factor anomaly detector
2025-06-18 15:20:05,571 - NIDS - INFO - Initialized ensemble with 3 models
2025-06-18 15:20:05,571 - NIDS - INFO - NIDS Anomaly Detector initialized with ensemble model
2025-06-18 15:20:05,590 - NIDS - INFO - Model loaded from models/nids_model_isolation_forest.pkl
2025-06-18 15:20:05,591 - NIDS - INFO - Model loaded from models/nids_model_one_class_svm.pkl
2025-06-18 15:20:05,593 - NIDS - INFO - Model loaded from models/nids_model_local_outlier_factor.pkl
2025-06-18 15:20:05,593 - NIDS - INFO - Ensemble loaded from models/nids_model.pkl
2025-06-18 15:20:05,594 - NIDS - INFO - Model loaded successfully from models/nids_model.pkl
2025-06-18 15:20:05,595 - NIDS - INFO - Packet capture started
2025-06-18 15:20:05,596 - NIDS - INFO - NIDS Anomaly Detection System started successfully
2025-06-18 15:20:05,601 - NIDS - ERROR - Error in packet capture: Interface 'eth0' not found !
2025-06-18 15:23:16,763 - NIDS - INFO - Configuration loaded from environment variables
2025-06-18 15:23:16,764 - NIDS - INFO - NIDS System Starting...
2025-06-18 15:23:16,764 - NIDS - INFO - Mode: web
2025-06-18 15:23:16,764 - NIDS - INFO - Interface: Ethernet
2025-06-18 15:23:16,764 - NIDS - INFO - Model Type: ensemble
2025-06-18 15:23:16,764 - NIDS - INFO - Starting web dashboard on port 5000
2025-06-18 15:23:16,764 - NIDS - INFO - Access the dashboard at: http://localhost:5000
2025-06-18 15:23:25,300 - NIDS - INFO - Configuration loaded from environment variables
2025-06-18 15:23:25,301 - NIDS - INFO - NIDS System Starting...
2025-06-18 15:23:25,301 - NIDS - INFO - Mode: web
2025-06-18 15:23:25,301 - NIDS - INFO - Interface: Ethernet
2025-06-18 15:23:25,301 - NIDS - INFO - Model Type: ensemble
2025-06-18 15:23:25,301 - NIDS - INFO - Starting web dashboard on port 5000
2025-06-18 15:23:25,301 - NIDS - INFO - Access the dashboard at: http://localhost:5000
2025-06-18 15:24:31,969 - NIDS - INFO - Packet capture initialized on interface: Ethernet
2025-06-18 15:24:31,970 - NIDS - INFO - Feature extractor initialized with window size: 100
2025-06-18 15:24:31,970 - NIDS - INFO - Initialized isolation_forest anomaly detector
2025-06-18 15:24:31,971 - NIDS - INFO - Initialized one_class_svm anomaly detector
2025-06-18 15:24:31,971 - NIDS - INFO - Initialized local_outlier_factor anomaly detector
2025-06-18 15:24:31,971 - NIDS - INFO - Initialized ensemble with 3 models
2025-06-18 15:24:31,972 - NIDS - INFO - NIDS Anomaly Detector initialized with ensemble model
2025-06-18 15:24:31,993 - NIDS - INFO - Model loaded from models/nids_model_isolation_forest.pkl
2025-06-18 15:24:31,995 - NIDS - INFO - Model loaded from models/nids_model_one_class_svm.pkl
2025-06-18 15:24:31,999 - NIDS - INFO - Model loaded from models/nids_model_local_outlier_factor.pkl
2025-06-18 15:24:31,999 - NIDS - INFO - Ensemble loaded from models/nids_model.pkl
2025-06-18 15:24:32,000 - NIDS - INFO - Model loaded successfully from models/nids_model.pkl
2025-06-18 15:24:32,000 - NIDS - ERROR - Error in packet capture: Sniffing and sending packets is not available at layer 2: winpcap is not installed. You may use conf.L3socket or conf.L3socket6 to access layer 3
2025-06-18 15:24:32,001 - NIDS - INFO - Packet capture started
2025-06-18 15:24:32,001 - NIDS - INFO - NIDS Anomaly Detection System started successfully
2025-06-18 15:25:50,465 - NIDS - INFO - Packet capture stopped
2025-06-18 15:25:51,058 - NIDS - INFO - NIDS Anomaly Detection System stopped
2025-06-18 15:34:27,994 - NIDS - INFO - Configuration loaded from environment variables
2025-06-18 15:34:27,995 - NIDS - INFO - NIDS System Starting...
2025-06-18 15:34:27,995 - NIDS - INFO - Mode: web
2025-06-18 15:34:27,995 - NIDS - INFO - Interface: Ethernet
2025-06-18 15:34:27,996 - NIDS - INFO - Model Type: ensemble
2025-06-18 15:34:27,996 - NIDS - INFO - Starting web dashboard on port 5000
2025-06-18 15:34:27,996 - NIDS - INFO - Access the dashboard at: http://localhost:5000
2025-06-18 15:34:34,431 - NIDS - INFO - Packet capture initialized on interface: Ethernet
2025-06-18 15:34:34,432 - NIDS - INFO - Feature extractor initialized with window size: 100
2025-06-18 15:34:34,432 - NIDS - INFO - Initialized isolation_forest anomaly detector
2025-06-18 15:34:34,433 - NIDS - INFO - Initialized one_class_svm anomaly detector
2025-06-18 15:34:34,433 - NIDS - INFO - Initialized local_outlier_factor anomaly detector
2025-06-18 15:34:34,433 - NIDS - INFO - Initialized ensemble with 3 models
2025-06-18 15:34:34,433 - NIDS - INFO - NIDS Anomaly Detector initialized with ensemble model
2025-06-18 15:34:34,457 - NIDS - INFO - Model loaded from models/nids_model_isolation_forest.pkl
2025-06-18 15:34:34,458 - NIDS - INFO - Model loaded from models/nids_model_one_class_svm.pkl
2025-06-18 15:34:34,460 - NIDS - INFO - Model loaded from models/nids_model_local_outlier_factor.pkl
2025-06-18 15:34:34,460 - NIDS - INFO - Ensemble loaded from models/nids_model.pkl
2025-06-18 15:34:34,461 - NIDS - INFO - Model loaded successfully from models/nids_model.pkl
2025-06-18 15:34:34,462 - NIDS - INFO - Packet capture started
2025-06-18 15:34:34,463 - NIDS - INFO - NIDS Anomaly Detection System started successfully
2025-06-18 15:34:34,663 - NIDS - WARNING - ALERT: port_scan - {'src_ip': '10.0.2.15', 'dst_ip': '8.8.8.8', 'dst_port': 443, 'protocol': 17}
2025-06-18 15:34:34,823 - NIDS - WARNING - ALERT: ddos_indicator - {'src_ip': '10.0.2.15', 'dst_ip': '142.251.221.110', 'packet_size': 1886, 'protocol': 6}
2025-06-18 15:34:39,507 - NIDS - WARNING - LOF single prediction failed, using fallback: Expected n_neighbors < n_samples_fit, but n_neighbors = 1, n_samples_fit = 1, n_samples = 1
2025-06-18 15:34:39,508 - NIDS - WARNING - ML ANOMALY DETECTED - Score: -7.230, Packets: 100
2025-06-18 15:34:44,533 - NIDS - WARNING - LOF single prediction failed, using fallback: Expected n_neighbors < n_samples_fit, but n_neighbors = 1, n_samples_fit = 1, n_samples = 1
2025-06-18 15:34:49,548 - NIDS - WARNING - LOF single prediction failed, using fallback: Expected n_neighbors < n_samples_fit, but n_neighbors = 1, n_samples_fit = 1, n_samples = 1
2025-06-18 15:34:54,560 - NIDS - WARNING - LOF single prediction failed, using fallback: Expected n_neighbors < n_samples_fit, but n_neighbors = 1, n_samples_fit = 1, n_samples = 1
2025-06-18 15:34:59,572 - NIDS - WARNING - LOF single prediction failed, using fallback: Expected n_neighbors < n_samples_fit, but n_neighbors = 1, n_samples_fit = 1, n_samples = 1
2025-06-18 15:35:04,614 - NIDS - WARNING - LOF single prediction failed, using fallback: Expected n_neighbors < n_samples_fit, but n_neighbors = 1, n_samples_fit = 1, n_samples = 1
2025-06-18 15:35:09,657 - NIDS - WARNING - LOF single prediction failed, using fallback: Expected n_neighbors < n_samples_fit, but n_neighbors = 1, n_samples_fit = 1, n_samples = 1
2025-06-18 15:35:14,673 - NIDS - WARNING - LOF single prediction failed, using fallback: Expected n_neighbors < n_samples_fit, but n_neighbors = 1, n_samples_fit = 1, n_samples = 1
2025-06-18 15:35:19,687 - NIDS - WARNING - LOF single prediction failed, using fallback: Expected n_neighbors < n_samples_fit, but n_neighbors = 1, n_samples_fit = 1, n_samples = 1
2025-06-18 15:35:23,855 - NIDS - INFO - Packet capture stopped
2025-06-18 15:35:24,705 - NIDS - INFO - NIDS Anomaly Detection System stopped
2025-06-18 15:48:47,826 - NIDS - INFO - Configuration loaded from environment variables
2025-06-18 15:48:47,826 - NIDS - INFO - NIDS System Starting...
2025-06-18 15:48:47,827 - NIDS - INFO - Mode: web
2025-06-18 15:48:47,827 - NIDS - INFO - Interface: Ethernet
2025-06-18 15:48:47,827 - NIDS - INFO - Model Type: ensemble
2025-06-18 15:48:47,827 - NIDS - INFO - Starting web dashboard on port 5000
2025-06-18 15:48:47,827 - NIDS - INFO - Access the dashboard at: http://localhost:5000
2025-06-18 15:49:05,318 - NIDS - INFO - Packet capture initialized on interface: Ethernet
2025-06-18 15:49:05,319 - NIDS - INFO - Feature extractor initialized with window size: 100
2025-06-18 15:49:05,319 - NIDS - INFO - Initialized isolation_forest anomaly detector
2025-06-18 15:49:05,319 - NIDS - INFO - Initialized one_class_svm anomaly detector
2025-06-18 15:49:05,319 - NIDS - INFO - Initialized local_outlier_factor anomaly detector
2025-06-18 15:49:05,320 - NIDS - INFO - Initialized ensemble with 3 models
2025-06-18 15:49:05,320 - NIDS - INFO - NIDS Anomaly Detector initialized with ensemble model
2025-06-18 15:49:05,341 - NIDS - INFO - Model loaded from models/nids_model_isolation_forest.pkl
2025-06-18 15:49:05,345 - NIDS - INFO - Model loaded from models/nids_model_one_class_svm.pkl
2025-06-18 15:49:05,349 - NIDS - INFO - Model loaded from models/nids_model_local_outlier_factor.pkl
2025-06-18 15:49:05,351 - NIDS - INFO - Ensemble loaded from models/nids_model.pkl
2025-06-18 15:49:05,352 - NIDS - INFO - Model loaded successfully from models/nids_model.pkl
2025-06-18 15:49:05,355 - NIDS - INFO - Packet capture started
2025-06-18 15:49:05,356 - NIDS - INFO - NIDS Anomaly Detection System started successfully
2025-06-18 15:49:10,371 - NIDS - WARNING - LOF single prediction failed, using fallback: Expected n_neighbors < n_samples_fit, but n_neighbors = 1, n_samples_fit = 1, n_samples = 1
2025-06-18 15:49:10,371 - NIDS - WARNING - ML ANOMALY DETECTED - Score: -7.242, Packets: 10
2025-06-18 15:49:14,725 - NIDS - WARNING - ALERT: port_scan - {'src_ip': '10.0.2.15', 'dst_ip': '10.0.2.3', 'dst_port': 53, 'protocol': 17}
2025-06-18 15:49:15,431 - NIDS - WARNING - LOF single prediction failed, using fallback: Expected n_neighbors < n_samples_fit, but n_neighbors = 1, n_samples_fit = 1, n_samples = 1
2025-06-18 15:49:15,569 - NIDS - WARNING - ALERT: ddos_indicator - {'src_ip': '34.193.251.90', 'dst_ip': '10.0.2.15', 'packet_size': 1494, 'protocol': 6}
2025-06-18 15:49:20,445 - NIDS - WARNING - LOF single prediction failed, using fallback: Expected n_neighbors < n_samples_fit, but n_neighbors = 1, n_samples_fit = 1, n_samples = 1
2025-06-18 15:49:25,461 - NIDS - WARNING - LOF single prediction failed, using fallback: Expected n_neighbors < n_samples_fit, but n_neighbors = 1, n_samples_fit = 1, n_samples = 1
2025-06-18 15:49:30,473 - NIDS - WARNING - LOF single prediction failed, using fallback: Expected n_neighbors < n_samples_fit, but n_neighbors = 1, n_samples_fit = 1, n_samples = 1
2025-06-18 15:49:35,490 - NIDS - WARNING - LOF single prediction failed, using fallback: Expected n_neighbors < n_samples_fit, but n_neighbors = 1, n_samples_fit = 1, n_samples = 1
2025-06-18 15:49:40,507 - NIDS - WARNING - LOF single prediction failed, using fallback: Expected n_neighbors < n_samples_fit, but n_neighbors = 1, n_samples_fit = 1, n_samples = 1
2025-06-18 15:49:45,520 - NIDS - WARNING - LOF single prediction failed, using fallback: Expected n_neighbors < n_samples_fit, but n_neighbors = 1, n_samples_fit = 1, n_samples = 1
2025-06-18 15:49:50,532 - NIDS - WARNING - LOF single prediction failed, using fallback: Expected n_neighbors < n_samples_fit, but n_neighbors = 1, n_samples_fit = 1, n_samples = 1
2025-06-18 15:49:55,548 - NIDS - WARNING - LOF single prediction failed, using fallback: Expected n_neighbors < n_samples_fit, but n_neighbors = 1, n_samples_fit = 1, n_samples = 1
2025-06-18 15:50:00,561 - NIDS - WARNING - LOF single prediction failed, using fallback: Expected n_neighbors < n_samples_fit, but n_neighbors = 1, n_samples_fit = 1, n_samples = 1
2025-06-18 15:50:05,574 - NIDS - WARNING - LOF single prediction failed, using fallback: Expected n_neighbors < n_samples_fit, but n_neighbors = 1, n_samples_fit = 1, n_samples = 1
2025-06-18 15:50:10,588 - NIDS - WARNING - LOF single prediction failed, using fallback: Expected n_neighbors < n_samples_fit, but n_neighbors = 1, n_samples_fit = 1, n_samples = 1
2025-06-18 15:50:10,588 - NIDS - WARNING - ML ANOMALY DETECTED - Score: -7.229, Packets: 100
2025-06-18 15:50:14,726 - NIDS - WARNING - ALERT: port_scan - {'src_ip': '10.0.2.15', 'dst_ip': '10.0.2.3', 'dst_port': 53, 'protocol': 17}
2025-06-18 15:50:15,603 - NIDS - WARNING - LOF single prediction failed, using fallback: Expected n_neighbors < n_samples_fit, but n_neighbors = 1, n_samples_fit = 1, n_samples = 1
2025-06-18 15:50:15,749 - NIDS - WARNING - ALERT: ddos_indicator - {'src_ip': '18.208.233.7', 'dst_ip': '10.0.2.15', 'packet_size': 1494, 'protocol': 6}
2025-06-18 15:50:20,616 - NIDS - WARNING - LOF single prediction failed, using fallback: Expected n_neighbors < n_samples_fit, but n_neighbors = 1, n_samples_fit = 1, n_samples = 1
2025-06-18 15:50:25,628 - NIDS - WARNING - LOF single prediction failed, using fallback: Expected n_neighbors < n_samples_fit, but n_neighbors = 1, n_samples_fit = 1, n_samples = 1
2025-06-18 15:50:30,640 - NIDS - WARNING - LOF single prediction failed, using fallback: Expected n_neighbors < n_samples_fit, but n_neighbors = 1, n_samples_fit = 1, n_samples = 1
2025-06-18 15:50:35,651 - NIDS - WARNING - LOF single prediction failed, using fallback: Expected n_neighbors < n_samples_fit, but n_neighbors = 1, n_samples_fit = 1, n_samples = 1
2025-06-18 15:50:40,663 - NIDS - WARNING - LOF single prediction failed, using fallback: Expected n_neighbors < n_samples_fit, but n_neighbors = 1, n_samples_fit = 1, n_samples = 1
2025-06-18 15:50:45,676 - NIDS - WARNING - LOF single prediction failed, using fallback: Expected n_neighbors < n_samples_fit, but n_neighbors = 1, n_samples_fit = 1, n_samples = 1
2025-06-18 15:50:50,690 - NIDS - WARNING - LOF single prediction failed, using fallback: Expected n_neighbors < n_samples_fit, but n_neighbors = 1, n_samples_fit = 1, n_samples = 1
2025-06-18 15:50:52,046 - NIDS - INFO - Packet capture stopped
2025-06-18 15:50:52,693 - NIDS - INFO - NIDS Anomaly Detection System stopped
2025-06-18 15:53:19,085 - NIDS - INFO - Configuration loaded from environment variables
2025-06-18 15:53:19,085 - NIDS - INFO - NIDS System Starting...
2025-06-18 15:53:19,086 - NIDS - INFO - Mode: web
2025-06-18 15:53:19,086 - NIDS - INFO - Interface: Ethernet
2025-06-18 15:53:19,086 - NIDS - INFO - Model Type: ensemble
2025-06-18 15:53:19,086 - NIDS - INFO - Starting web dashboard on port 5000
2025-06-18 15:53:19,086 - NIDS - INFO - Access the dashboard at: http://localhost:5000
2025-06-18 15:53:28,685 - NIDS - INFO - Packet capture initialized on interface: Ethernet
2025-06-18 15:53:28,685 - NIDS - INFO - Feature extractor initialized with window size: 100
2025-06-18 15:53:28,686 - NIDS - INFO - Initialized isolation_forest anomaly detector
2025-06-18 15:53:28,686 - NIDS - INFO - Initialized one_class_svm anomaly detector
2025-06-18 15:53:28,686 - NIDS - INFO - Initialized local_outlier_factor anomaly detector
2025-06-18 15:53:28,687 - NIDS - INFO - Initialized ensemble with 3 models
2025-06-18 15:53:28,687 - NIDS - INFO - NIDS Anomaly Detector initialized with ensemble model
2025-06-18 15:53:28,709 - NIDS - INFO - Model loaded from models/nids_model_isolation_forest.pkl
2025-06-18 15:53:28,711 - NIDS - INFO - Model loaded from models/nids_model_one_class_svm.pkl
2025-06-18 15:53:28,713 - NIDS - INFO - Model loaded from models/nids_model_local_outlier_factor.pkl
2025-06-18 15:53:28,713 - NIDS - INFO - Ensemble loaded from models/nids_model.pkl
2025-06-18 15:53:28,713 - NIDS - INFO - Model loaded successfully from models/nids_model.pkl
2025-06-18 15:53:28,715 - NIDS - INFO - Packet capture started
2025-06-18 15:53:28,715 - NIDS - INFO - NIDS Anomaly Detection System started successfully
2025-06-18 15:53:33,730 - NIDS - WARNING - LOF single prediction failed, using fallback: Expected n_neighbors < n_samples_fit, but n_neighbors = 1, n_samples_fit = 1, n_samples = 1
2025-06-18 15:53:33,731 - NIDS - WARNING - ML ANOMALY DETECTED - Score: -7.241, Packets: 18
2025-06-18 15:53:37,712 - NIDS - WARNING - ALERT: port_scan - {'src_ip': '10.0.2.15', 'dst_ip': '8.8.8.8', 'dst_port': 443, 'protocol': 17}
2025-06-18 15:53:38,745 - NIDS - WARNING - LOF single prediction failed, using fallback: Expected n_neighbors < n_samples_fit, but n_neighbors = 1, n_samples_fit = 1, n_samples = 1
2025-06-18 15:53:43,757 - NIDS - WARNING - LOF single prediction failed, using fallback: Expected n_neighbors < n_samples_fit, but n_neighbors = 1, n_samples_fit = 1, n_samples = 1
2025-06-18 15:53:48,769 - NIDS - WARNING - LOF single prediction failed, using fallback: Expected n_neighbors < n_samples_fit, but n_neighbors = 1, n_samples_fit = 1, n_samples = 1
2025-06-18 15:53:53,800 - NIDS - WARNING - LOF single prediction failed, using fallback: Expected n_neighbors < n_samples_fit, but n_neighbors = 1, n_samples_fit = 1, n_samples = 1
2025-06-18 15:53:58,824 - NIDS - WARNING - LOF single prediction failed, using fallback: Expected n_neighbors < n_samples_fit, but n_neighbors = 1, n_samples_fit = 1, n_samples = 1
2025-06-18 15:54:03,844 - NIDS - WARNING - LOF single prediction failed, using fallback: Expected n_neighbors < n_samples_fit, but n_neighbors = 1, n_samples_fit = 1, n_samples = 1
2025-06-18 15:54:08,872 - NIDS - WARNING - LOF single prediction failed, using fallback: Expected n_neighbors < n_samples_fit, but n_neighbors = 1, n_samples_fit = 1, n_samples = 1
2025-06-18 15:54:13,889 - NIDS - WARNING - LOF single prediction failed, using fallback: Expected n_neighbors < n_samples_fit, but n_neighbors = 1, n_samples_fit = 1, n_samples = 1
2025-06-18 15:54:17,161 - NIDS - WARNING - ALERT: ddos_indicator - {'src_ip': '54.224.119.200', 'dst_ip': '10.0.2.15', 'packet_size': 1494, 'protocol': 6}
2025-06-18 15:54:18,901 - NIDS - WARNING - LOF single prediction failed, using fallback: Expected n_neighbors < n_samples_fit, but n_neighbors = 1, n_samples_fit = 1, n_samples = 1
2025-06-18 15:54:23,914 - NIDS - WARNING - LOF single prediction failed, using fallback: Expected n_neighbors < n_samples_fit, but n_neighbors = 1, n_samples_fit = 1, n_samples = 1
2025-06-18 15:54:28,930 - NIDS - WARNING - LOF single prediction failed, using fallback: Expected n_neighbors < n_samples_fit, but n_neighbors = 1, n_samples_fit = 1, n_samples = 1
2025-06-18 15:54:31,341 - NIDS - INFO - Packet capture stopped
2025-06-18 15:54:31,932 - NIDS - INFO - NIDS Anomaly Detection System stopped
2025-06-18 15:57:35,797 - NIDS - INFO - Configuration loaded from environment variables
2025-06-18 15:57:35,798 - NIDS - INFO - NIDS System Starting...
2025-06-18 15:57:35,798 - NIDS - INFO - Mode: web
2025-06-18 15:57:35,798 - NIDS - INFO - Interface: Ethernet
2025-06-18 15:57:35,798 - NIDS - INFO - Model Type: ensemble
2025-06-18 15:57:35,798 - NIDS - INFO - Starting web dashboard on port 5000
2025-06-18 15:57:35,799 - NIDS - INFO - Access the dashboard at: http://localhost:5000
2025-06-18 15:57:44,621 - NIDS - INFO - Packet capture initialized on interface: Ethernet
2025-06-18 15:57:44,622 - NIDS - INFO - Feature extractor initialized with window size: 100
2025-06-18 15:57:44,622 - NIDS - INFO - Initialized isolation_forest anomaly detector
2025-06-18 15:57:44,623 - NIDS - INFO - Initialized one_class_svm anomaly detector
2025-06-18 15:57:44,623 - NIDS - INFO - Initialized local_outlier_factor anomaly detector
2025-06-18 15:57:44,623 - NIDS - INFO - Initialized ensemble with 3 models
2025-06-18 15:57:44,623 - NIDS - INFO - NIDS Anomaly Detector initialized with ensemble model
2025-06-18 15:57:44,646 - NIDS - INFO - Model loaded from models/nids_model_isolation_forest.pkl
2025-06-18 15:57:44,647 - NIDS - INFO - Model loaded from models/nids_model_one_class_svm.pkl
2025-06-18 15:57:44,649 - NIDS - INFO - Model loaded from models/nids_model_local_outlier_factor.pkl
2025-06-18 15:57:44,650 - NIDS - INFO - Ensemble loaded from models/nids_model.pkl
2025-06-18 15:57:44,650 - NIDS - INFO - Model loaded successfully from models/nids_model.pkl
2025-06-18 15:57:44,652 - NIDS - INFO - Packet capture started
2025-06-18 15:57:44,652 - NIDS - INFO - NIDS Anomaly Detection System started successfully
2025-06-18 15:57:49,666 - NIDS - WARNING - LOF single prediction failed, using fallback: Expected n_neighbors < n_samples_fit, but n_neighbors = 1, n_samples_fit = 1, n_samples = 1
2025-06-18 15:57:49,667 - NIDS - WARNING - ML ANOMALY DETECTED - Score: -7.246, Packets: 23
2025-06-18 15:57:52,043 - NIDS - WARNING - ALERT: port_scan - {'src_ip': '10.0.2.15', 'dst_ip': '75.2.76.8', 'dst_port': 443, 'protocol': 6}
2025-06-18 15:57:54,680 - NIDS - WARNING - LOF single prediction failed, using fallback: Expected n_neighbors < n_samples_fit, but n_neighbors = 1, n_samples_fit = 1, n_samples = 1
2025-06-18 15:57:59,701 - NIDS - WARNING - LOF single prediction failed, using fallback: Expected n_neighbors < n_samples_fit, but n_neighbors = 1, n_samples_fit = 1, n_samples = 1
2025-06-18 15:58:04,715 - NIDS - WARNING - LOF single prediction failed, using fallback: Expected n_neighbors < n_samples_fit, but n_neighbors = 1, n_samples_fit = 1, n_samples = 1
2025-06-18 15:58:09,729 - NIDS - WARNING - LOF single prediction failed, using fallback: Expected n_neighbors < n_samples_fit, but n_neighbors = 1, n_samples_fit = 1, n_samples = 1
2025-06-18 15:58:14,741 - NIDS - WARNING - LOF single prediction failed, using fallback: Expected n_neighbors < n_samples_fit, but n_neighbors = 1, n_samples_fit = 1, n_samples = 1
2025-06-18 15:58:16,090 - NIDS - WARNING - ALERT: ddos_indicator - {'src_ip': '34.233.28.173', 'dst_ip': '10.0.2.15', 'packet_size': 1494, 'protocol': 6}
2025-06-18 15:58:19,754 - NIDS - WARNING - LOF single prediction failed, using fallback: Expected n_neighbors < n_samples_fit, but n_neighbors = 1, n_samples_fit = 1, n_samples = 1
2025-06-18 15:58:24,768 - NIDS - WARNING - LOF single prediction failed, using fallback: Expected n_neighbors < n_samples_fit, but n_neighbors = 1, n_samples_fit = 1, n_samples = 1
2025-06-18 15:58:29,782 - NIDS - WARNING - LOF single prediction failed, using fallback: Expected n_neighbors < n_samples_fit, but n_neighbors = 1, n_samples_fit = 1, n_samples = 1
2025-06-18 15:58:34,796 - NIDS - WARNING - LOF single prediction failed, using fallback: Expected n_neighbors < n_samples_fit, but n_neighbors = 1, n_samples_fit = 1, n_samples = 1
2025-06-18 15:58:39,808 - NIDS - WARNING - LOF single prediction failed, using fallback: Expected n_neighbors < n_samples_fit, but n_neighbors = 1, n_samples_fit = 1, n_samples = 1
2025-06-18 15:58:44,820 - NIDS - WARNING - LOF single prediction failed, using fallback: Expected n_neighbors < n_samples_fit, but n_neighbors = 1, n_samples_fit = 1, n_samples = 1
2025-06-18 15:58:47,324 - NIDS - INFO - Packet capture stopped
2025-06-18 15:58:47,834 - NIDS - INFO - NIDS Anomaly Detection System stopped
2025-06-18 16:01:15,207 - NIDS - INFO - Packet capture started
2025-06-18 16:01:15,209 - NIDS - INFO - NIDS Anomaly Detection System started successfully
2025-06-18 16:01:15,222 - NIDS - WARNING - LOF single prediction failed, using fallback: Expected n_neighbors < n_samples_fit, but n_neighbors = 1, n_samples_fit = 1, n_samples = 1
2025-06-18 16:01:15,224 - NIDS - WARNING - ML ANOMALY DETECTED - Score: -7.234, Packets: 100
2025-06-18 16:01:15,269 - NIDS - WARNING - ALERT: port_scan - {'src_ip': '10.0.2.15', 'dst_ip': '3.212.203.130', 'dst_port': 443, 'protocol': 6}
2025-06-18 16:01:16,034 - NIDS - WARNING - ALERT: ddos_indicator - {'src_ip': '34.198.21.75', 'dst_ip': '10.0.2.15', 'packet_size': 1494, 'protocol': 6}
2025-06-18 16:01:20,238 - NIDS - WARNING - LOF single prediction failed, using fallback: Expected n_neighbors < n_samples_fit, but n_neighbors = 1, n_samples_fit = 1, n_samples = 1
2025-06-18 16:01:25,275 - NIDS - WARNING - LOF single prediction failed, using fallback: Expected n_neighbors < n_samples_fit, but n_neighbors = 1, n_samples_fit = 1, n_samples = 1
2025-06-18 16:01:30,289 - NIDS - WARNING - LOF single prediction failed, using fallback: Expected n_neighbors < n_samples_fit, but n_neighbors = 1, n_samples_fit = 1, n_samples = 1
2025-06-18 16:01:35,301 - NIDS - WARNING - LOF single prediction failed, using fallback: Expected n_neighbors < n_samples_fit, but n_neighbors = 1, n_samples_fit = 1, n_samples = 1
2025-06-18 16:01:40,314 - NIDS - WARNING - LOF single prediction failed, using fallback: Expected n_neighbors < n_samples_fit, but n_neighbors = 1, n_samples_fit = 1, n_samples = 1
2025-06-18 16:01:40,836 - NIDS - INFO - Packet capture stopped
2025-06-18 16:01:41,316 - NIDS - INFO - NIDS Anomaly Detection System stopped
2025-06-18 16:04:35,918 - NIDS - INFO - Packet capture started
2025-06-18 16:04:35,920 - NIDS - INFO - NIDS Anomaly Detection System started successfully
2025-06-18 16:04:35,935 - NIDS - WARNING - LOF single prediction failed, using fallback: Expected n_neighbors < n_samples_fit, but n_neighbors = 1, n_samples_fit = 1, n_samples = 1
2025-06-18 16:04:35,936 - NIDS - WARNING - ML ANOMALY DETECTED - Score: -7.227, Packets: 100
2025-06-18 16:04:38,335 - NIDS - WARNING - ALERT: port_scan - {'src_ip': '10.0.2.15', 'dst_ip': '8.8.8.8', 'dst_port': 443, 'protocol': 17}
2025-06-18 16:04:40,948 - NIDS - WARNING - LOF single prediction failed, using fallback: Expected n_neighbors < n_samples_fit, but n_neighbors = 1, n_samples_fit = 1, n_samples = 1
2025-06-18 16:04:45,959 - NIDS - WARNING - LOF single prediction failed, using fallback: Expected n_neighbors < n_samples_fit, but n_neighbors = 1, n_samples_fit = 1, n_samples = 1
2025-06-18 16:04:50,974 - NIDS - WARNING - LOF single prediction failed, using fallback: Expected n_neighbors < n_samples_fit, but n_neighbors = 1, n_samples_fit = 1, n_samples = 1
2025-06-18 16:04:55,990 - NIDS - WARNING - LOF single prediction failed, using fallback: Expected n_neighbors < n_samples_fit, but n_neighbors = 1, n_samples_fit = 1, n_samples = 1
2025-06-18 16:05:01,014 - NIDS - WARNING - LOF single prediction failed, using fallback: Expected n_neighbors < n_samples_fit, but n_neighbors = 1, n_samples_fit = 1, n_samples = 1
2025-06-18 16:05:06,029 - NIDS - WARNING - LOF single prediction failed, using fallback: Expected n_neighbors < n_samples_fit, but n_neighbors = 1, n_samples_fit = 1, n_samples = 1
2025-06-18 16:05:11,040 - NIDS - WARNING - LOF single prediction failed, using fallback: Expected n_neighbors < n_samples_fit, but n_neighbors = 1, n_samples_fit = 1, n_samples = 1
2025-06-18 16:05:16,051 - NIDS - WARNING - LOF single prediction failed, using fallback: Expected n_neighbors < n_samples_fit, but n_neighbors = 1, n_samples_fit = 1, n_samples = 1
2025-06-18 16:05:16,774 - NIDS - WARNING - ALERT: ddos_indicator - {'src_ip': '18.208.233.7', 'dst_ip': '10.0.2.15', 'packet_size': 1494, 'protocol': 6}
2025-06-18 16:05:21,065 - NIDS - WARNING - LOF single prediction failed, using fallback: Expected n_neighbors < n_samples_fit, but n_neighbors = 1, n_samples_fit = 1, n_samples = 1
2025-06-18 16:05:26,082 - NIDS - WARNING - LOF single prediction failed, using fallback: Expected n_neighbors < n_samples_fit, but n_neighbors = 1, n_samples_fit = 1, n_samples = 1
2025-06-18 16:05:31,099 - NIDS - WARNING - LOF single prediction failed, using fallback: Expected n_neighbors < n_samples_fit, but n_neighbors = 1, n_samples_fit = 1, n_samples = 1
2025-06-18 16:07:57,429 - NIDS - INFO - Configuration loaded from environment variables
2025-06-18 16:07:57,430 - NIDS - INFO - NIDS System Starting...
2025-06-18 16:07:57,430 - NIDS - INFO - Mode: web
2025-06-18 16:07:57,430 - NIDS - INFO - Interface: Ethernet
2025-06-18 16:07:57,431 - NIDS - INFO - Model Type: ensemble
2025-06-18 16:07:57,431 - NIDS - INFO - Starting web dashboard on port 5000
2025-06-18 16:07:57,431 - NIDS - INFO - Access the dashboard at: http://localhost:5000
2025-06-18 16:08:02,588 - NIDS - INFO - Packet capture initialized on interface: Ethernet
2025-06-18 16:08:02,588 - NIDS - INFO - Feature extractor initialized with window size: 100
2025-06-18 16:08:02,589 - NIDS - INFO - Initialized isolation_forest anomaly detector
2025-06-18 16:08:02,589 - NIDS - INFO - Initialized one_class_svm anomaly detector
2025-06-18 16:08:02,590 - NIDS - INFO - Initialized local_outlier_factor anomaly detector
2025-06-18 16:08:02,590 - NIDS - INFO - Initialized ensemble with 3 models
2025-06-18 16:08:02,590 - NIDS - INFO - NIDS Anomaly Detector initialized with ensemble model
2025-06-18 16:08:02,609 - NIDS - INFO - Model loaded from models/nids_model_isolation_forest.pkl
2025-06-18 16:08:02,610 - NIDS - INFO - Model loaded from models/nids_model_one_class_svm.pkl
2025-06-18 16:08:02,612 - NIDS - INFO - Model loaded from models/nids_model_local_outlier_factor.pkl
2025-06-18 16:08:02,613 - NIDS - INFO - Ensemble loaded from models/nids_model.pkl
2025-06-18 16:08:02,613 - NIDS - INFO - Model loaded successfully from models/nids_model.pkl
2025-06-18 16:08:02,615 - NIDS - INFO - Packet capture started
2025-06-18 16:08:02,616 - NIDS - INFO - NIDS Anomaly Detection System started successfully
2025-06-18 16:08:07,630 - NIDS - WARNING - LOF single prediction failed, using fallback: Expected n_neighbors < n_samples_fit, but n_neighbors = 1, n_samples_fit = 1, n_samples = 1
2025-06-18 16:08:07,630 - NIDS - WARNING - ML ANOMALY DETECTED - Score: -7.245, Packets: 16
2025-06-18 16:08:12,643 - NIDS - WARNING - LOF single prediction failed, using fallback: Expected n_neighbors < n_samples_fit, but n_neighbors = 1, n_samples_fit = 1, n_samples = 1
2025-06-18 16:08:14,738 - NIDS - WARNING - ALERT: port_scan - {'src_ip': '10.0.2.15', 'dst_ip': '10.0.2.3', 'dst_port': 53, 'protocol': 17}
2025-06-18 16:08:17,130 - NIDS - WARNING - ALERT: ddos_indicator - {'src_ip': '3.234.165.166', 'dst_ip': '10.0.2.15', 'packet_size': 1494, 'protocol': 6}
2025-06-18 16:08:17,657 - NIDS - WARNING - LOF single prediction failed, using fallback: Expected n_neighbors < n_samples_fit, but n_neighbors = 1, n_samples_fit = 1, n_samples = 1
2025-06-18 16:08:22,674 - NIDS - WARNING - LOF single prediction failed, using fallback: Expected n_neighbors < n_samples_fit, but n_neighbors = 1, n_samples_fit = 1, n_samples = 1
2025-06-18 16:08:27,688 - NIDS - WARNING - LOF single prediction failed, using fallback: Expected n_neighbors < n_samples_fit, but n_neighbors = 1, n_samples_fit = 1, n_samples = 1
2025-06-18 16:08:32,708 - NIDS - WARNING - LOF single prediction failed, using fallback: Expected n_neighbors < n_samples_fit, but n_neighbors = 1, n_samples_fit = 1, n_samples = 1
2025-06-18 16:08:37,722 - NIDS - WARNING - LOF single prediction failed, using fallback: Expected n_neighbors < n_samples_fit, but n_neighbors = 1, n_samples_fit = 1, n_samples = 1
2025-06-18 16:08:42,737 - NIDS - WARNING - LOF single prediction failed, using fallback: Expected n_neighbors < n_samples_fit, but n_neighbors = 1, n_samples_fit = 1, n_samples = 1
2025-06-18 16:08:47,768 - NIDS - WARNING - LOF single prediction failed, using fallback: Expected n_neighbors < n_samples_fit, but n_neighbors = 1, n_samples_fit = 1, n_samples = 1
2025-06-18 16:08:52,784 - NIDS - WARNING - LOF single prediction failed, using fallback: Expected n_neighbors < n_samples_fit, but n_neighbors = 1, n_samples_fit = 1, n_samples = 1
2025-06-18 16:08:57,796 - NIDS - WARNING - LOF single prediction failed, using fallback: Expected n_neighbors < n_samples_fit, but n_neighbors = 1, n_samples_fit = 1, n_samples = 1
2025-06-18 16:09:02,809 - NIDS - WARNING - LOF single prediction failed, using fallback: Expected n_neighbors < n_samples_fit, but n_neighbors = 1, n_samples_fit = 1, n_samples = 1
2025-06-18 16:09:07,822 - NIDS - WARNING - LOF single prediction failed, using fallback: Expected n_neighbors < n_samples_fit, but n_neighbors = 1, n_samples_fit = 1, n_samples = 1
2025-06-18 16:09:07,823 - NIDS - WARNING - ML ANOMALY DETECTED - Score: -7.227, Packets: 100
2025-06-18 16:09:12,887 - NIDS - WARNING - LOF single prediction failed, using fallback: Expected n_neighbors < n_samples_fit, but n_neighbors = 1, n_samples_fit = 1, n_samples = 1
2025-06-18 16:09:14,746 - NIDS - WARNING - ALERT: port_scan - {'src_ip': '10.0.2.15', 'dst_ip': '23.21.130.158', 'dst_port': 443, 'protocol': 6}
2025-06-18 16:09:17,901 - NIDS - WARNING - LOF single prediction failed, using fallback: Expected n_neighbors < n_samples_fit, but n_neighbors = 1, n_samples_fit = 1, n_samples = 1
2025-06-18 16:09:22,930 - NIDS - WARNING - LOF single prediction failed, using fallback: Expected n_neighbors < n_samples_fit, but n_neighbors = 1, n_samples_fit = 1, n_samples = 1
2025-06-18 16:09:27,942 - NIDS - WARNING - LOF single prediction failed, using fallback: Expected n_neighbors < n_samples_fit, but n_neighbors = 1, n_samples_fit = 1, n_samples = 1
2025-06-18 16:09:32,955 - NIDS - WARNING - LOF single prediction failed, using fallback: Expected n_neighbors < n_samples_fit, but n_neighbors = 1, n_samples_fit = 1, n_samples = 1
2025-06-18 16:09:37,967 - NIDS - WARNING - LOF single prediction failed, using fallback: Expected n_neighbors < n_samples_fit, but n_neighbors = 1, n_samples_fit = 1, n_samples = 1
2025-06-18 16:09:39,556 - NIDS - INFO - Packet capture stopped
2025-06-18 16:09:39,971 - NIDS - INFO - NIDS Anomaly Detection System stopped
2025-06-18 16:18:36,026 - NIDS - INFO - Configuration loaded from environment variables
2025-06-18 16:18:36,027 - NIDS - INFO - NIDS System Starting...
2025-06-18 16:18:36,027 - NIDS - INFO - Mode: web
2025-06-18 16:18:36,027 - NIDS - INFO - Interface: Ethernet
2025-06-18 16:18:36,027 - NIDS - INFO - Model Type: ensemble
2025-06-18 16:18:36,028 - NIDS - INFO - Starting web dashboard on port 5000
2025-06-18 16:18:36,028 - NIDS - INFO - Access the dashboard at: http://localhost:5000
2025-06-18 16:18:57,560 - NIDS - INFO - Packet capture initialized on interface: Ethernet
2025-06-18 16:18:57,561 - NIDS - INFO - Feature extractor initialized with window size: 100
2025-06-18 16:18:57,561 - NIDS - INFO - Initialized isolation_forest anomaly detector
2025-06-18 16:18:57,562 - NIDS - INFO - Initialized one_class_svm anomaly detector
2025-06-18 16:18:57,562 - NIDS - INFO - Initialized local_outlier_factor anomaly detector
2025-06-18 16:18:57,562 - NIDS - INFO - Initialized ensemble with 3 models
2025-06-18 16:18:57,563 - NIDS - INFO - NIDS Anomaly Detector initialized with ensemble model
2025-06-18 16:18:57,583 - NIDS - INFO - Model loaded from models/nids_model_isolation_forest.pkl
2025-06-18 16:18:57,584 - NIDS - INFO - Model loaded from models/nids_model_one_class_svm.pkl
2025-06-18 16:18:57,586 - NIDS - INFO - Model loaded from models/nids_model_local_outlier_factor.pkl
2025-06-18 16:18:57,587 - NIDS - INFO - Ensemble loaded from models/nids_model.pkl
2025-06-18 16:18:57,587 - NIDS - INFO - Model loaded successfully from models/nids_model.pkl
2025-06-18 16:18:57,588 - NIDS - INFO - Packet capture started
2025-06-18 16:18:57,589 - NIDS - INFO - NIDS Anomaly Detection System started successfully
2025-06-18 16:19:00,851 - NIDS - WARNING - ALERT: port_scan - {'src_ip': '10.0.2.15', 'dst_ip': '18.214.59.207', 'dst_port': 443, 'protocol': 6}
2025-06-18 16:19:02,603 - NIDS - WARNING - LOF single prediction failed, using fallback: Expected n_neighbors < n_samples_fit, but n_neighbors = 1, n_samples_fit = 1, n_samples = 1
2025-06-18 16:19:02,603 - NIDS - WARNING - ML ANOMALY DETECTED - Score: -7.080, Packets: 5
2025-06-18 16:19:07,620 - NIDS - WARNING - LOF single prediction failed, using fallback: Expected n_neighbors < n_samples_fit, but n_neighbors = 1, n_samples_fit = 1, n_samples = 1
2025-06-18 16:19:12,646 - NIDS - WARNING - LOF single prediction failed, using fallback: Expected n_neighbors < n_samples_fit, but n_neighbors = 1, n_samples_fit = 1, n_samples = 1
2025-06-18 16:19:16,258 - NIDS - WARNING - ALERT: ddos_indicator - {'src_ip': '34.232.130.202', 'dst_ip': '10.0.2.15', 'packet_size': 1494, 'protocol': 6}
2025-06-18 16:19:17,657 - NIDS - WARNING - LOF single prediction failed, using fallback: Expected n_neighbors < n_samples_fit, but n_neighbors = 1, n_samples_fit = 1, n_samples = 1
2025-06-18 16:19:22,682 - NIDS - WARNING - LOF single prediction failed, using fallback: Expected n_neighbors < n_samples_fit, but n_neighbors = 1, n_samples_fit = 1, n_samples = 1
2025-06-18 16:19:27,703 - NIDS - WARNING - LOF single prediction failed, using fallback: Expected n_neighbors < n_samples_fit, but n_neighbors = 1, n_samples_fit = 1, n_samples = 1
2025-06-18 16:19:32,718 - NIDS - WARNING - LOF single prediction failed, using fallback: Expected n_neighbors < n_samples_fit, but n_neighbors = 1, n_samples_fit = 1, n_samples = 1
2025-06-18 16:19:37,741 - NIDS - WARNING - LOF single prediction failed, using fallback: Expected n_neighbors < n_samples_fit, but n_neighbors = 1, n_samples_fit = 1, n_samples = 1
2025-06-18 16:19:42,755 - NIDS - WARNING - LOF single prediction failed, using fallback: Expected n_neighbors < n_samples_fit, but n_neighbors = 1, n_samples_fit = 1, n_samples = 1
2025-06-18 16:19:47,769 - NIDS - WARNING - LOF single prediction failed, using fallback: Expected n_neighbors < n_samples_fit, but n_neighbors = 1, n_samples_fit = 1, n_samples = 1
2025-06-18 16:19:52,784 - NIDS - WARNING - LOF single prediction failed, using fallback: Expected n_neighbors < n_samples_fit, but n_neighbors = 1, n_samples_fit = 1, n_samples = 1
2025-06-18 16:19:57,802 - NIDS - WARNING - LOF single prediction failed, using fallback: Expected n_neighbors < n_samples_fit, but n_neighbors = 1, n_samples_fit = 1, n_samples = 1
2025-06-18 16:20:01,818 - NIDS - WARNING - ALERT: port_scan - {'src_ip': '10.0.2.15', 'dst_ip': '18.214.59.207', 'dst_port': 443, 'protocol': 6}
2025-06-18 16:20:02,818 - NIDS - WARNING - LOF single prediction failed, using fallback: Expected n_neighbors < n_samples_fit, but n_neighbors = 1, n_samples_fit = 1, n_samples = 1
2025-06-18 16:20:02,818 - NIDS - WARNING - ML ANOMALY DETECTED - Score: -7.229, Packets: 100
2025-06-18 16:20:07,832 - NIDS - WARNING - LOF single prediction failed, using fallback: Expected n_neighbors < n_samples_fit, but n_neighbors = 1, n_samples_fit = 1, n_samples = 1
2025-06-18 16:20:10,351 - NIDS - INFO - Packet capture stopped
2025-06-18 16:20:10,835 - NIDS - INFO - NIDS Anomaly Detection System stopped
2025-06-18 16:26:10,278 - NIDS - INFO - Configuration loaded from environment variables
2025-06-18 16:26:10,279 - NIDS - INFO - NIDS System Starting...
2025-06-18 16:26:10,279 - NIDS - INFO - Mode: web
2025-06-18 16:26:10,279 - NIDS - INFO - Interface: Ethernet
2025-06-18 16:26:10,280 - NIDS - INFO - Model Type: ensemble
2025-06-18 16:26:10,280 - NIDS - INFO - Starting web dashboard on port 5000
2025-06-18 16:26:10,280 - NIDS - INFO - Access the dashboard at: http://localhost:5000
2025-06-18 16:26:18,883 - NIDS - INFO - Packet capture initialized on interface: Ethernet
2025-06-18 16:26:18,884 - NIDS - INFO - Feature extractor initialized with window size: 100
2025-06-18 16:26:18,884 - NIDS - INFO - Initialized isolation_forest anomaly detector
2025-06-18 16:26:18,884 - NIDS - INFO - Initialized one_class_svm anomaly detector
2025-06-18 16:26:18,885 - NIDS - INFO - Initialized local_outlier_factor anomaly detector
2025-06-18 16:26:18,885 - NIDS - INFO - Initialized ensemble with 3 models
2025-06-18 16:26:18,885 - NIDS - INFO - NIDS Anomaly Detector initialized with ensemble model
2025-06-18 16:26:18,907 - NIDS - INFO - Model loaded from models/nids_model_isolation_forest.pkl
2025-06-18 16:26:18,909 - NIDS - INFO - Model loaded from models/nids_model_one_class_svm.pkl
2025-06-18 16:26:18,911 - NIDS - INFO - Model loaded from models/nids_model_local_outlier_factor.pkl
2025-06-18 16:26:18,911 - NIDS - INFO - Ensemble loaded from models/nids_model.pkl
2025-06-18 16:26:18,911 - NIDS - INFO - Model loaded successfully from models/nids_model.pkl
2025-06-18 16:26:18,912 - NIDS - INFO - Packet capture started
2025-06-18 16:26:18,913 - NIDS - INFO - NIDS Anomaly Detection System started successfully
2025-06-18 16:26:23,936 - NIDS - WARNING - LOF single prediction failed, using fallback: Expected n_neighbors < n_samples_fit, but n_neighbors = 1, n_samples_fit = 1, n_samples = 1
2025-06-18 16:26:23,936 - NIDS - WARNING - ML ANOMALY DETECTED - Score: -7.242, Packets: 16
2025-06-18 16:26:26,351 - NIDS - WARNING - ALERT: port_scan - {'src_ip': '10.0.2.15', 'dst_ip': '8.8.4.4', 'dst_port': 443, 'protocol': 17}
2025-06-18 16:26:28,948 - NIDS - WARNING - LOF single prediction failed, using fallback: Expected n_neighbors < n_samples_fit, but n_neighbors = 1, n_samples_fit = 1, n_samples = 1
2025-06-18 16:26:33,974 - NIDS - WARNING - LOF single prediction failed, using fallback: Expected n_neighbors < n_samples_fit, but n_neighbors = 1, n_samples_fit = 1, n_samples = 1
2025-06-18 16:26:38,995 - NIDS - WARNING - LOF single prediction failed, using fallback: Expected n_neighbors < n_samples_fit, but n_neighbors = 1, n_samples_fit = 1, n_samples = 1
2025-06-18 16:26:44,006 - NIDS - WARNING - LOF single prediction failed, using fallback: Expected n_neighbors < n_samples_fit, but n_neighbors = 1, n_samples_fit = 1, n_samples = 1
2025-06-18 16:26:49,019 - NIDS - WARNING - LOF single prediction failed, using fallback: Expected n_neighbors < n_samples_fit, but n_neighbors = 1, n_samples_fit = 1, n_samples = 1
2025-06-18 16:26:54,030 - NIDS - WARNING - LOF single prediction failed, using fallback: Expected n_neighbors < n_samples_fit, but n_neighbors = 1, n_samples_fit = 1, n_samples = 1
2025-06-18 16:26:59,045 - NIDS - WARNING - LOF single prediction failed, using fallback: Expected n_neighbors < n_samples_fit, but n_neighbors = 1, n_samples_fit = 1, n_samples = 1
2025-06-18 16:26:59,078 - NIDS - WARNING - ALERT: ddos_indicator - {'src_ip': '75.2.76.8', 'dst_ip': '10.0.2.15', 'packet_size': 1494, 'protocol': 6}
2025-06-18 16:27:04,103 - NIDS - WARNING - LOF single prediction failed, using fallback: Expected n_neighbors < n_samples_fit, but n_neighbors = 1, n_samples_fit = 1, n_samples = 1
2025-06-18 16:27:09,117 - NIDS - WARNING - LOF single prediction failed, using fallback: Expected n_neighbors < n_samples_fit, but n_neighbors = 1, n_samples_fit = 1, n_samples = 1
2025-06-18 16:27:14,139 - NIDS - WARNING - LOF single prediction failed, using fallback: Expected n_neighbors < n_samples_fit, but n_neighbors = 1, n_samples_fit = 1, n_samples = 1
2025-06-18 16:27:17,067 - NIDS - INFO - Packet capture stopped
2025-06-18 16:27:17,142 - NIDS - INFO - NIDS Anomaly Detection System stopped
2025-06-18 16:29:56,725 - NIDS - INFO - Packet capture started
2025-06-18 16:29:56,728 - NIDS - INFO - NIDS Anomaly Detection System started successfully
2025-06-18 16:29:56,738 - NIDS - WARNING - LOF single prediction failed, using fallback: Expected n_neighbors < n_samples_fit, but n_neighbors = 1, n_samples_fit = 1, n_samples = 1
2025-06-18 16:29:56,739 - NIDS - WARNING - ML ANOMALY DETECTED - Score: -7.231, Packets: 100
2025-06-18 16:30:01,653 - NIDS - WARNING - ALERT: port_scan - {'src_ip': '10.0.2.15', 'dst_ip': '18.214.59.207', 'dst_port': 443, 'protocol': 6}
2025-06-18 16:30:01,754 - NIDS - WARNING - LOF single prediction failed, using fallback: Expected n_neighbors < n_samples_fit, but n_neighbors = 1, n_samples_fit = 1, n_samples = 1
2025-06-18 16:30:06,767 - NIDS - WARNING - LOF single prediction failed, using fallback: Expected n_neighbors < n_samples_fit, but n_neighbors = 1, n_samples_fit = 1, n_samples = 1
2025-06-18 16:30:11,781 - NIDS - WARNING - LOF single prediction failed, using fallback: Expected n_neighbors < n_samples_fit, but n_neighbors = 1, n_samples_fit = 1, n_samples = 1
2025-06-18 16:30:16,292 - NIDS - WARNING - ALERT: ddos_indicator - {'src_ip': '34.232.184.45', 'dst_ip': '10.0.2.15', 'packet_size': 1494, 'protocol': 6}
2025-06-18 16:30:16,795 - NIDS - WARNING - LOF single prediction failed, using fallback: Expected n_neighbors < n_samples_fit, but n_neighbors = 1, n_samples_fit = 1, n_samples = 1
2025-06-18 16:30:21,807 - NIDS - WARNING - LOF single prediction failed, using fallback: Expected n_neighbors < n_samples_fit, but n_neighbors = 1, n_samples_fit = 1, n_samples = 1
2025-06-18 16:30:26,822 - NIDS - WARNING - LOF single prediction failed, using fallback: Expected n_neighbors < n_samples_fit, but n_neighbors = 1, n_samples_fit = 1, n_samples = 1
2025-06-18 16:30:31,836 - NIDS - WARNING - LOF single prediction failed, using fallback: Expected n_neighbors < n_samples_fit, but n_neighbors = 1, n_samples_fit = 1, n_samples = 1
2025-06-18 16:30:36,850 - NIDS - WARNING - LOF single prediction failed, using fallback: Expected n_neighbors < n_samples_fit, but n_neighbors = 1, n_samples_fit = 1, n_samples = 1
2025-06-18 16:30:41,863 - NIDS - WARNING - LOF single prediction failed, using fallback: Expected n_neighbors < n_samples_fit, but n_neighbors = 1, n_samples_fit = 1, n_samples = 1
2025-06-18 16:30:46,877 - NIDS - WARNING - LOF single prediction failed, using fallback: Expected n_neighbors < n_samples_fit, but n_neighbors = 1, n_samples_fit = 1, n_samples = 1
2025-06-18 16:30:48,547 - NIDS - INFO - Packet capture stopped
2025-06-18 16:30:48,879 - NIDS - INFO - NIDS Anomaly Detection System stopped
2025-06-18 16:30:48,921 - NIDS - ERROR - Error stopping NIDS: Can't set icon; window has no wrapper.
2025-06-18 16:33:20,662 - NIDS - INFO - Configuration loaded from environment variables
2025-06-18 16:33:20,663 - NIDS - INFO - NIDS Model Training Starting...
2025-06-18 16:33:20,663 - NIDS - INFO - Model Type: ensemble
2025-06-18 16:33:20,663 - NIDS - INFO - Feature extractor initialized with window size: 100
2025-06-18 16:33:20,663 - NIDS - INFO - Packet capture initialized on interface: Ethernet
2025-06-18 16:33:20,664 - NIDS - INFO - Feature extractor initialized with window size: 100
2025-06-18 16:33:20,664 - NIDS - INFO - Initialized isolation_forest anomaly detector
2025-06-18 16:33:20,664 - NIDS - INFO - Initialized one_class_svm anomaly detector
2025-06-18 16:33:20,664 - NIDS - INFO - Initialized local_outlier_factor anomaly detector
2025-06-18 16:33:20,664 - NIDS - INFO - Initialized ensemble with 3 models
2025-06-18 16:33:20,665 - NIDS - INFO - NIDS Anomaly Detector initialized with ensemble model
2025-06-18 16:33:20,665 - NIDS - INFO - Generating synthetic training data...
2025-06-18 16:33:20,665 - NIDS - INFO - Samples: 2000, Anomaly ratio: 0.1
2025-06-18 16:33:20,695 - NIDS - INFO - Generated 2000 synthetic feature samples
2025-06-18 16:33:20,697 - NIDS - INFO - Created labels: 200 anomalies out of 2000 samples
2025-06-18 16:33:20,697 - NIDS - INFO - Generated 2000 feature samples
2025-06-18 16:33:20,697 - NIDS - INFO - Labels: 200 anomalies, 1800 normal
2025-06-18 16:33:20,697 - NIDS - INFO - Training model...
2025-06-18 16:33:20,698 - NIDS - INFO - Starting model training...
2025-06-18 16:33:20,719 - NIDS - INFO - Updated feature normalization statistics
2025-06-18 16:33:20,719 - NIDS - INFO - Training isolation_forest...
2025-06-18 16:33:20,883 - NIDS - INFO - Model trained successfully with 2000 samples and 60 features
2025-06-18 16:33:20,884 - NIDS - INFO - Training one_class_svm...
2025-06-18 16:33:20,927 - NIDS - INFO - Model trained successfully with 2000 samples and 60 features
2025-06-18 16:33:20,928 - NIDS - INFO - Training local_outlier_factor...
2025-06-18 16:33:22,745 - NIDS - INFO - Model trained successfully with 2000 samples and 60 features
2025-06-18 16:33:22,826 - NIDS - INFO - Model evaluation - Accuracy: 0.820, F1: 0.100
2025-06-18 16:33:22,934 - NIDS - INFO - Model evaluation - Accuracy: 0.820, F1: 0.122
2025-06-18 16:33:23,062 - NIDS - INFO - Model evaluation - Accuracy: 0.824, F1: 0.120
2025-06-18 16:33:23,063 - NIDS - INFO - Optimized weights: {'isolation_forest': 0.2924393723252497, 'one_class_svm': 0.3566333808844508, 'local_outlier_factor': 0.3509272467902996}
2025-06-18 16:33:23,063 - NIDS - INFO - Ensemble training completed
2025-06-18 16:33:23,096 - NIDS - INFO - Model saved to models/nids_model_isolation_forest.pkl
2025-06-18 16:33:23,099 - NIDS - INFO - Model saved to models/nids_model_one_class_svm.pkl
2025-06-18 16:33:23,103 - NIDS - INFO - Model saved to models/nids_model_local_outlier_factor.pkl
2025-06-18 16:33:23,104 - NIDS - INFO - Ensemble saved to models/nids_model.pkl
2025-06-18 16:33:23,105 - NIDS - INFO - Model training completed successfully
2025-06-18 16:33:23,132 - NIDS - INFO - Model saved to models/nids_model_isolation_forest.pkl
2025-06-18 16:33:23,136 - NIDS - INFO - Model saved to models/nids_model_one_class_svm.pkl
2025-06-18 16:33:23,138 - NIDS - INFO - Model saved to models/nids_model_local_outlier_factor.pkl
2025-06-18 16:33:23,139 - NIDS - INFO - Ensemble saved to models/nids_model.pkl
2025-06-18 16:33:23,139 - NIDS - INFO - Model saved to: models/nids_model.pkl
2025-06-18 16:33:23,139 - NIDS - INFO - Training stats: {'isolation_forest': {'n_samples': 2000, 'n_features': 60, 'feature_names': ['packet_count', 'total_bytes', 'avg_packet_length', 'std_packet_length', 'min_packet_length', 'max_packet_length', 'avg_payload_size', 'std_payload_size', 'total_payload_size', 'tcp_count', 'udp_count', 'icmp_count', 'other_protocol_count', 'protocol_diversity', 'tcp_ratio', 'udp_ratio', 'icmp_ratio', 'other_protocol_ratio', 'unique_src_ports', 'unique_dst_ports', 'total_ports_accessed', 'common_port_ratio', 'high_port_ratio', 'avg_dst_port', 'std_dst_port', 'min_dst_port', 'max_dst_port', 'unique_connections', 'total_connection_attempts', 'avg_packets_per_connection', 'connection_diversity', 'max_packets_per_connection', 'unique_src_ips', 'unique_dst_ips', 'src_ip_diversity', 'dst_ip_diversity', 'private_src_ip_ratio', 'private_dst_ip_ratio', 'packet_rate', 'inter_arrival_time_mean', 'inter_arrival_time_std', 'burst_count', 'burst_ratio', 'payload_size_mean', 'payload_size_std', 'zero_payload_ratio', 'large_payload_ratio', 'payload_size_entropy', 'syn_count', 'fin_count', 'rst_count', 'psh_count', 'ack_count', 'urg_count', 'syn_ratio', 'fin_ratio', 'rst_ratio', 'psh_ratio', 'ack_ratio', 'urg_ratio'], 'training_date': '2025-06-18T16:33:20.883613'}, 'one_class_svm': {'n_samples': 2000, 'n_features': 60, 'feature_names': ['packet_count', 'total_bytes', 'avg_packet_length', 'std_packet_length', 'min_packet_length', 'max_packet_length', 'avg_payload_size', 'std_payload_size', 'total_payload_size', 'tcp_count', 'udp_count', 'icmp_count', 'other_protocol_count', 'protocol_diversity', 'tcp_ratio', 'udp_ratio', 'icmp_ratio', 'other_protocol_ratio', 'unique_src_ports', 'unique_dst_ports', 'total_ports_accessed', 'common_port_ratio', 'high_port_ratio', 'avg_dst_port', 'std_dst_port', 'min_dst_port', 'max_dst_port', 'unique_connections', 'total_connection_attempts', 'avg_packets_per_connection', 'connection_diversity', 'max_packets_per_connection', 'unique_src_ips', 'unique_dst_ips', 'src_ip_diversity', 'dst_ip_diversity', 'private_src_ip_ratio', 'private_dst_ip_ratio', 'packet_rate', 'inter_arrival_time_mean', 'inter_arrival_time_std', 'burst_count', 'burst_ratio', 'payload_size_mean', 'payload_size_std', 'zero_payload_ratio', 'large_payload_ratio', 'payload_size_entropy', 'syn_count', 'fin_count', 'rst_count', 'psh_count', 'ack_count', 'urg_count', 'syn_ratio', 'fin_ratio', 'rst_ratio', 'psh_ratio', 'ack_ratio', 'urg_ratio'], 'training_date': '2025-06-18T16:33:20.927097'}, 'local_outlier_factor': {'n_samples': 2000, 'n_features': 60, 'feature_names': ['packet_count', 'total_bytes', 'avg_packet_length', 'std_packet_length', 'min_packet_length', 'max_packet_length', 'avg_payload_size', 'std_payload_size', 'total_payload_size', 'tcp_count', 'udp_count', 'icmp_count', 'other_protocol_count', 'protocol_diversity', 'tcp_ratio', 'udp_ratio', 'icmp_ratio', 'other_protocol_ratio', 'unique_src_ports', 'unique_dst_ports', 'total_ports_accessed', 'common_port_ratio', 'high_port_ratio', 'avg_dst_port', 'std_dst_port', 'min_dst_port', 'max_dst_port', 'unique_connections', 'total_connection_attempts', 'avg_packets_per_connection', 'connection_diversity', 'max_packets_per_connection', 'unique_src_ips', 'unique_dst_ips', 'src_ip_diversity', 'dst_ip_diversity', 'private_src_ip_ratio', 'private_dst_ip_ratio', 'packet_rate', 'inter_arrival_time_mean', 'inter_arrival_time_std', 'burst_count', 'burst_ratio', 'payload_size_mean', 'payload_size_std', 'zero_payload_ratio', 'large_payload_ratio', 'payload_size_entropy', 'syn_count', 'fin_count', 'rst_count', 'psh_count', 'ack_count', 'urg_count', 'syn_ratio', 'fin_ratio', 'rst_ratio', 'psh_ratio', 'ack_ratio', 'urg_ratio'], 'training_date': '2025-06-18T16:33:22.745693'}}
2025-06-18 16:33:23,142 - NIDS - INFO - Evaluating model...
2025-06-18 16:33:23,144 - NIDS - INFO - Test set size: 400 samples
2025-06-18 16:33:23,144 - NIDS - INFO - Test anomalies: 40
2025-06-18 16:33:23,153 - NIDS - WARNING - LOF prediction skipped: not enough samples (need at least n_neighbors+1=21)
2025-06-18 16:33:23,160 - NIDS - WARNING - LOF prediction skipped: not enough samples (need at least n_neighbors+1=21)
2025-06-18 16:33:23,168 - NIDS - WARNING - LOF prediction skipped: not enough samples (need at least n_neighbors+1=21)
2025-06-18 16:33:23,176 - NIDS - WARNING - LOF prediction skipped: not enough samples (need at least n_neighbors+1=21)
2025-06-18 16:33:23,184 - NIDS - WARNING - LOF prediction skipped: not enough samples (need at least n_neighbors+1=21)
2025-06-18 16:33:23,191 - NIDS - WARNING - LOF prediction skipped: not enough samples (need at least n_neighbors+1=21)
2025-06-18 16:33:23,199 - NIDS - WARNING - LOF prediction skipped: not enough samples (need at least n_neighbors+1=21)
2025-06-18 16:33:23,206 - NIDS - WARNING - LOF prediction skipped: not enough samples (need at least n_neighbors+1=21)
2025-06-18 16:33:23,214 - NIDS - WARNING - LOF prediction skipped: not enough samples (need at least n_neighbors+1=21)
2025-06-18 16:33:23,221 - NIDS - WARNING - LOF prediction skipped: not enough samples (need at least n_neighbors+1=21)
2025-06-18 16:33:23,228 - NIDS - WARNING - LOF prediction skipped: not enough samples (need at least n_neighbors+1=21)
2025-06-18 16:33:23,236 - NIDS - WARNING - LOF prediction skipped: not enough samples (need at least n_neighbors+1=21)
2025-06-18 16:33:23,244 - NIDS - WARNING - LOF prediction skipped: not enough samples (need at least n_neighbors+1=21)
2025-06-18 16:33:23,251 - NIDS - WARNING - LOF prediction skipped: not enough samples (need at least n_neighbors+1=21)
2025-06-18 16:33:23,258 - NIDS - WARNING - LOF prediction skipped: not enough samples (need at least n_neighbors+1=21)
2025-06-18 16:33:23,266 - NIDS - WARNING - LOF prediction skipped: not enough samples (need at least n_neighbors+1=21)
2025-06-18 16:33:23,273 - NIDS - WARNING - LOF prediction skipped: not enough samples (need at least n_neighbors+1=21)
2025-06-18 16:33:23,280 - NIDS - WARNING - LOF prediction skipped: not enough samples (need at least n_neighbors+1=21)
2025-06-18 16:33:23,287 - NIDS - WARNING - LOF prediction skipped: not enough samples (need at least n_neighbors+1=21)
2025-06-18 16:33:23,295 - NIDS - WARNING - LOF prediction skipped: not enough samples (need at least n_neighbors+1=21)
2025-06-18 16:33:23,302 - NIDS - WARNING - LOF prediction skipped: not enough samples (need at least n_neighbors+1=21)
2025-06-18 16:33:23,310 - NIDS - WARNING - LOF prediction skipped: not enough samples (need at least n_neighbors+1=21)
2025-06-18 16:33:23,317 - NIDS - WARNING - LOF prediction skipped: not enough samples (need at least n_neighbors+1=21)
2025-06-18 16:33:23,325 - NIDS - WARNING - LOF prediction skipped: not enough samples (need at least n_neighbors+1=21)
2025-06-18 16:33:23,332 - NIDS - WARNING - LOF prediction skipped: not enough samples (need at least n_neighbors+1=21)
2025-06-18 16:33:23,339 - NIDS - WARNING - LOF prediction skipped: not enough samples (need at least n_neighbors+1=21)
2025-06-18 16:33:23,347 - NIDS - WARNING - LOF prediction skipped: not enough samples (need at least n_neighbors+1=21)
2025-06-18 16:33:23,354 - NIDS - WARNING - LOF prediction skipped: not enough samples (need at least n_neighbors+1=21)
2025-06-18 16:33:23,361 - NIDS - WARNING - LOF prediction skipped: not enough samples (need at least n_neighbors+1=21)
2025-06-18 16:33:23,369 - NIDS - WARNING - LOF prediction skipped: not enough samples (need at least n_neighbors+1=21)
2025-06-18 16:33:23,377 - NIDS - WARNING - LOF prediction skipped: not enough samples (need at least n_neighbors+1=21)
2025-06-18 16:33:23,384 - NIDS - WARNING - LOF prediction skipped: not enough samples (need at least n_neighbors+1=21)
2025-06-18 16:33:23,391 - NIDS - WARNING - LOF prediction skipped: not enough samples (need at least n_neighbors+1=21)
2025-06-18 16:33:23,398 - NIDS - WARNING - LOF prediction skipped: not enough samples (need at least n_neighbors+1=21)
2025-06-18 16:33:23,405 - NIDS - WARNING - LOF prediction skipped: not enough samples (need at least n_neighbors+1=21)
2025-06-18 16:33:23,413 - NIDS - WARNING - LOF prediction skipped: not enough samples (need at least n_neighbors+1=21)
2025-06-18 16:33:23,420 - NIDS - WARNING - LOF prediction skipped: not enough samples (need at least n_neighbors+1=21)
2025-06-18 16:33:23,428 - NIDS - WARNING - LOF prediction skipped: not enough samples (need at least n_neighbors+1=21)
2025-06-18 16:33:23,435 - NIDS - WARNING - LOF prediction skipped: not enough samples (need at least n_neighbors+1=21)
2025-06-18 16:33:23,442 - NIDS - WARNING - LOF prediction skipped: not enough samples (need at least n_neighbors+1=21)
2025-06-18 16:33:23,450 - NIDS - WARNING - LOF prediction skipped: not enough samples (need at least n_neighbors+1=21)
2025-06-18 16:33:23,457 - NIDS - WARNING - LOF prediction skipped: not enough samples (need at least n_neighbors+1=21)
2025-06-18 16:33:23,465 - NIDS - WARNING - LOF prediction skipped: not enough samples (need at least n_neighbors+1=21)
2025-06-18 16:33:23,471 - NIDS - WARNING - LOF prediction skipped: not enough samples (need at least n_neighbors+1=21)
2025-06-18 16:33:23,479 - NIDS - WARNING - LOF prediction skipped: not enough samples (need at least n_neighbors+1=21)
2025-06-18 16:33:23,486 - NIDS - WARNING - LOF prediction skipped: not enough samples (need at least n_neighbors+1=21)
2025-06-18 16:33:23,493 - NIDS - WARNING - LOF prediction skipped: not enough samples (need at least n_neighbors+1=21)
2025-06-18 16:33:23,500 - NIDS - WARNING - LOF prediction skipped: not enough samples (need at least n_neighbors+1=21)
2025-06-18 16:33:23,508 - NIDS - WARNING - LOF prediction skipped: not enough samples (need at least n_neighbors+1=21)
2025-06-18 16:33:23,516 - NIDS - WARNING - LOF prediction skipped: not enough samples (need at least n_neighbors+1=21)
2025-06-18 16:33:23,523 - NIDS - WARNING - LOF prediction skipped: not enough samples (need at least n_neighbors+1=21)
2025-06-18 16:33:23,530 - NIDS - WARNING - LOF prediction skipped: not enough samples (need at least n_neighbors+1=21)
2025-06-18 16:33:23,538 - NIDS - WARNING - LOF prediction skipped: not enough samples (need at least n_neighbors+1=21)
2025-06-18 16:33:23,545 - NIDS - WARNING - LOF prediction skipped: not enough samples (need at least n_neighbors+1=21)
2025-06-18 16:33:23,553 - NIDS - WARNING - LOF prediction skipped: not enough samples (need at least n_neighbors+1=21)
2025-06-18 16:33:23,559 - NIDS - WARNING - LOF prediction skipped: not enough samples (need at least n_neighbors+1=21)
2025-06-18 16:33:23,567 - NIDS - WARNING - LOF prediction skipped: not enough samples (need at least n_neighbors+1=21)
2025-06-18 16:33:23,575 - NIDS - WARNING - LOF prediction skipped: not enough samples (need at least n_neighbors+1=21)
2025-06-18 16:33:23,582 - NIDS - WARNING - LOF prediction skipped: not enough samples (need at least n_neighbors+1=21)
2025-06-18 16:33:23,589 - NIDS - WARNING - LOF prediction skipped: not enough samples (need at least n_neighbors+1=21)
2025-06-18 16:33:23,597 - NIDS - WARNING - LOF prediction skipped: not enough samples (need at least n_neighbors+1=21)
2025-06-18 16:33:23,604 - NIDS - WARNING - LOF prediction skipped: not enough samples (need at least n_neighbors+1=21)
2025-06-18 16:33:23,611 - NIDS - WARNING - LOF prediction skipped: not enough samples (need at least n_neighbors+1=21)
2025-06-18 16:33:23,619 - NIDS - WARNING - LOF prediction skipped: not enough samples (need at least n_neighbors+1=21)
2025-06-18 16:33:23,626 - NIDS - WARNING - LOF prediction skipped: not enough samples (need at least n_neighbors+1=21)
2025-06-18 16:33:23,634 - NIDS - WARNING - LOF prediction skipped: not enough samples (need at least n_neighbors+1=21)
2025-06-18 16:33:23,641 - NIDS - WARNING - LOF prediction skipped: not enough samples (need at least n_neighbors+1=21)
2025-06-18 16:33:23,649 - NIDS - WARNING - LOF prediction skipped: not enough samples (need at least n_neighbors+1=21)
2025-06-18 16:33:23,656 - NIDS - WARNING - LOF prediction skipped: not enough samples (need at least n_neighbors+1=21)
2025-06-18 16:33:23,664 - NIDS - WARNING - LOF prediction skipped: not enough samples (need at least n_neighbors+1=21)
2025-06-18 16:33:23,671 - NIDS - WARNING - LOF prediction skipped: not enough samples (need at least n_neighbors+1=21)
2025-06-18 16:33:23,678 - NIDS - WARNING - LOF prediction skipped: not enough samples (need at least n_neighbors+1=21)
2025-06-18 16:33:23,686 - NIDS - WARNING - LOF prediction skipped: not enough samples (need at least n_neighbors+1=21)
2025-06-18 16:33:23,694 - NIDS - WARNING - LOF prediction skipped: not enough samples (need at least n_neighbors+1=21)
2025-06-18 16:33:23,701 - NIDS - WARNING - LOF prediction skipped: not enough samples (need at least n_neighbors+1=21)
2025-06-18 16:33:23,709 - NIDS - WARNING - LOF prediction skipped: not enough samples (need at least n_neighbors+1=21)
2025-06-18 16:33:23,717 - NIDS - WARNING - LOF prediction skipped: not enough samples (need at least n_neighbors+1=21)
2025-06-18 16:33:23,724 - NIDS - WARNING - LOF prediction skipped: not enough samples (need at least n_neighbors+1=21)
2025-06-18 16:33:23,732 - NIDS - WARNING - LOF prediction skipped: not enough samples (need at least n_neighbors+1=21)
2025-06-18 16:33:23,739 - NIDS - WARNING - LOF prediction skipped: not enough samples (need at least n_neighbors+1=21)
2025-06-18 16:33:23,751 - NIDS - WARNING - LOF prediction skipped: not enough samples (need at least n_neighbors+1=21)
2025-06-18 16:33:23,759 - NIDS - WARNING - LOF prediction skipped: not enough samples (need at least n_neighbors+1=21)
2025-06-18 16:33:23,767 - NIDS - WARNING - LOF prediction skipped: not enough samples (need at least n_neighbors+1=21)
2025-06-18 16:33:23,774 - NIDS - WARNING - LOF prediction skipped: not enough samples (need at least n_neighbors+1=21)
2025-06-18 16:33:23,782 - NIDS - WARNING - LOF prediction skipped: not enough samples (need at least n_neighbors+1=21)
2025-06-18 16:33:23,789 - NIDS - WARNING - LOF prediction skipped: not enough samples (need at least n_neighbors+1=21)
2025-06-18 16:33:23,797 - NIDS - WARNING - LOF prediction skipped: not enough samples (need at least n_neighbors+1=21)
2025-06-18 16:33:23,803 - NIDS - WARNING - LOF prediction skipped: not enough samples (need at least n_neighbors+1=21)
2025-06-18 16:33:23,811 - NIDS - WARNING - LOF prediction skipped: not enough samples (need at least n_neighbors+1=21)
2025-06-18 16:33:23,818 - NIDS - WARNING - LOF prediction skipped: not enough samples (need at least n_neighbors+1=21)
2025-06-18 16:33:23,825 - NIDS - WARNING - LOF prediction skipped: not enough samples (need at least n_neighbors+1=21)
2025-06-18 16:33:23,833 - NIDS - WARNING - LOF prediction skipped: not enough samples (need at least n_neighbors+1=21)
2025-06-18 16:33:23,841 - NIDS - WARNING - LOF prediction skipped: not enough samples (need at least n_neighbors+1=21)
2025-06-18 16:33:23,848 - NIDS - WARNING - LOF prediction skipped: not enough samples (need at least n_neighbors+1=21)
2025-06-18 16:33:23,855 - NIDS - WARNING - LOF prediction skipped: not enough samples (need at least n_neighbors+1=21)
2025-06-18 16:33:23,862 - NIDS - WARNING - LOF prediction skipped: not enough samples (need at least n_neighbors+1=21)
2025-06-18 16:33:23,870 - NIDS - WARNING - LOF prediction skipped: not enough samples (need at least n_neighbors+1=21)
2025-06-18 16:33:23,877 - NIDS - WARNING - LOF prediction skipped: not enough samples (need at least n_neighbors+1=21)
2025-06-18 16:33:23,888 - NIDS - WARNING - LOF prediction skipped: not enough samples (need at least n_neighbors+1=21)
2025-06-18 16:33:23,901 - NIDS - WARNING - LOF prediction skipped: not enough samples (need at least n_neighbors+1=21)
2025-06-18 16:33:23,910 - NIDS - WARNING - LOF prediction skipped: not enough samples (need at least n_neighbors+1=21)
2025-06-18 16:33:23,917 - NIDS - WARNING - LOF prediction skipped: not enough samples (need at least n_neighbors+1=21)
2025-06-18 16:33:23,924 - NIDS - WARNING - LOF prediction skipped: not enough samples (need at least n_neighbors+1=21)
2025-06-18 16:33:23,932 - NIDS - WARNING - LOF prediction skipped: not enough samples (need at least n_neighbors+1=21)
2025-06-18 16:33:23,940 - NIDS - WARNING - LOF prediction skipped: not enough samples (need at least n_neighbors+1=21)
2025-06-18 16:33:23,948 - NIDS - WARNING - LOF prediction skipped: not enough samples (need at least n_neighbors+1=21)
2025-06-18 16:33:23,955 - NIDS - WARNING - LOF prediction skipped: not enough samples (need at least n_neighbors+1=21)
2025-06-18 16:33:23,963 - NIDS - WARNING - LOF prediction skipped: not enough samples (need at least n_neighbors+1=21)
2025-06-18 16:33:23,970 - NIDS - WARNING - LOF prediction skipped: not enough samples (need at least n_neighbors+1=21)
2025-06-18 16:33:23,979 - NIDS - WARNING - LOF prediction skipped: not enough samples (need at least n_neighbors+1=21)
2025-06-18 16:33:23,987 - NIDS - WARNING - LOF prediction skipped: not enough samples (need at least n_neighbors+1=21)
2025-06-18 16:33:23,994 - NIDS - WARNING - LOF prediction skipped: not enough samples (need at least n_neighbors+1=21)
2025-06-18 16:33:24,002 - NIDS - WARNING - LOF prediction skipped: not enough samples (need at least n_neighbors+1=21)
2025-06-18 16:33:24,009 - NIDS - WARNING - LOF prediction skipped: not enough samples (need at least n_neighbors+1=21)
2025-06-18 16:33:24,016 - NIDS - WARNING - LOF prediction skipped: not enough samples (need at least n_neighbors+1=21)
2025-06-18 16:33:24,024 - NIDS - WARNING - LOF prediction skipped: not enough samples (need at least n_neighbors+1=21)
2025-06-18 16:33:24,032 - NIDS - WARNING - LOF prediction skipped: not enough samples (need at least n_neighbors+1=21)
2025-06-18 16:33:24,039 - NIDS - WARNING - LOF prediction skipped: not enough samples (need at least n_neighbors+1=21)
2025-06-18 16:33:24,047 - NIDS - WARNING - LOF prediction skipped: not enough samples (need at least n_neighbors+1=21)
2025-06-18 16:33:24,054 - NIDS - WARNING - LOF prediction skipped: not enough samples (need at least n_neighbors+1=21)
2025-06-18 16:33:24,061 - NIDS - WARNING - LOF prediction skipped: not enough samples (need at least n_neighbors+1=21)
2025-06-18 16:33:24,069 - NIDS - WARNING - LOF prediction skipped: not enough samples (need at least n_neighbors+1=21)
2025-06-18 16:33:24,077 - NIDS - WARNING - LOF prediction skipped: not enough samples (need at least n_neighbors+1=21)
2025-06-18 16:33:24,084 - NIDS - WARNING - LOF prediction skipped: not enough samples (need at least n_neighbors+1=21)
2025-06-18 16:33:24,091 - NIDS - WARNING - LOF prediction skipped: not enough samples (need at least n_neighbors+1=21)
2025-06-18 16:33:24,099 - NIDS - WARNING - LOF prediction skipped: not enough samples (need at least n_neighbors+1=21)
2025-06-18 16:33:24,107 - NIDS - WARNING - LOF prediction skipped: not enough samples (need at least n_neighbors+1=21)
2025-06-18 16:33:24,115 - NIDS - WARNING - LOF prediction skipped: not enough samples (need at least n_neighbors+1=21)
2025-06-18 16:33:24,122 - NIDS - WARNING - LOF prediction skipped: not enough samples (need at least n_neighbors+1=21)
2025-06-18 16:33:24,129 - NIDS - WARNING - LOF prediction skipped: not enough samples (need at least n_neighbors+1=21)
2025-06-18 16:33:24,137 - NIDS - WARNING - LOF prediction skipped: not enough samples (need at least n_neighbors+1=21)
2025-06-18 16:33:24,144 - NIDS - WARNING - LOF prediction skipped: not enough samples (need at least n_neighbors+1=21)
2025-06-18 16:33:24,153 - NIDS - WARNING - LOF prediction skipped: not enough samples (need at least n_neighbors+1=21)
2025-06-18 16:33:24,160 - NIDS - WARNING - LOF prediction skipped: not enough samples (need at least n_neighbors+1=21)
2025-06-18 16:33:24,167 - NIDS - WARNING - LOF prediction skipped: not enough samples (need at least n_neighbors+1=21)
2025-06-18 16:33:24,174 - NIDS - WARNING - LOF prediction skipped: not enough samples (need at least n_neighbors+1=21)
2025-06-18 16:33:24,181 - NIDS - WARNING - LOF prediction skipped: not enough samples (need at least n_neighbors+1=21)
2025-06-18 16:33:24,189 - NIDS - WARNING - LOF prediction skipped: not enough samples (need at least n_neighbors+1=21)
2025-06-18 16:33:24,196 - NIDS - WARNING - LOF prediction skipped: not enough samples (need at least n_neighbors+1=21)
2025-06-18 16:33:24,203 - NIDS - WARNING - LOF prediction skipped: not enough samples (need at least n_neighbors+1=21)
2025-06-18 16:33:24,211 - NIDS - WARNING - LOF prediction skipped: not enough samples (need at least n_neighbors+1=21)
2025-06-18 16:33:24,218 - NIDS - WARNING - LOF prediction skipped: not enough samples (need at least n_neighbors+1=21)
2025-06-18 16:33:24,226 - NIDS - WARNING - LOF prediction skipped: not enough samples (need at least n_neighbors+1=21)
2025-06-18 16:33:24,233 - NIDS - WARNING - LOF prediction skipped: not enough samples (need at least n_neighbors+1=21)
2025-06-18 16:33:24,241 - NIDS - WARNING - LOF prediction skipped: not enough samples (need at least n_neighbors+1=21)
2025-06-18 16:33:24,248 - NIDS - WARNING - LOF prediction skipped: not enough samples (need at least n_neighbors+1=21)
2025-06-18 16:33:24,256 - NIDS - WARNING - LOF prediction skipped: not enough samples (need at least n_neighbors+1=21)
2025-06-18 16:33:24,264 - NIDS - WARNING - LOF prediction skipped: not enough samples (need at least n_neighbors+1=21)
2025-06-18 16:33:24,270 - NIDS - WARNING - LOF prediction skipped: not enough samples (need at least n_neighbors+1=21)
2025-06-18 16:33:24,278 - NIDS - WARNING - LOF prediction skipped: not enough samples (need at least n_neighbors+1=21)
2025-06-18 16:33:24,285 - NIDS - WARNING - LOF prediction skipped: not enough samples (need at least n_neighbors+1=21)
2025-06-18 16:33:24,293 - NIDS - WARNING - LOF prediction skipped: not enough samples (need at least n_neighbors+1=21)
2025-06-18 16:33:24,300 - NIDS - WARNING - LOF prediction skipped: not enough samples (need at least n_neighbors+1=21)
2025-06-18 16:33:24,308 - NIDS - WARNING - LOF prediction skipped: not enough samples (need at least n_neighbors+1=21)
2025-06-18 16:33:24,315 - NIDS - WARNING - LOF prediction skipped: not enough samples (need at least n_neighbors+1=21)
2025-06-18 16:33:24,323 - NIDS - WARNING - LOF prediction skipped: not enough samples (need at least n_neighbors+1=21)
2025-06-18 16:33:24,330 - NIDS - WARNING - LOF prediction skipped: not enough samples (need at least n_neighbors+1=21)
2025-06-18 16:33:24,338 - NIDS - WARNING - LOF prediction skipped: not enough samples (need at least n_neighbors+1=21)
2025-06-18 16:33:24,345 - NIDS - WARNING - LOF prediction skipped: not enough samples (need at least n_neighbors+1=21)
2025-06-18 16:33:24,353 - NIDS - WARNING - LOF prediction skipped: not enough samples (need at least n_neighbors+1=21)
2025-06-18 16:33:24,360 - NIDS - WARNING - LOF prediction skipped: not enough samples (need at least n_neighbors+1=21)
2025-06-18 16:33:24,367 - NIDS - WARNING - LOF prediction skipped: not enough samples (need at least n_neighbors+1=21)
2025-06-18 16:33:24,374 - NIDS - WARNING - LOF prediction skipped: not enough samples (need at least n_neighbors+1=21)
2025-06-18 16:33:24,382 - NIDS - WARNING - LOF prediction skipped: not enough samples (need at least n_neighbors+1=21)
2025-06-18 16:33:24,390 - NIDS - WARNING - LOF prediction skipped: not enough samples (need at least n_neighbors+1=21)
2025-06-18 16:33:24,397 - NIDS - WARNING - LOF prediction skipped: not enough samples (need at least n_neighbors+1=21)
2025-06-18 16:33:24,404 - NIDS - WARNING - LOF prediction skipped: not enough samples (need at least n_neighbors+1=21)
2025-06-18 16:33:24,411 - NIDS - WARNING - LOF prediction skipped: not enough samples (need at least n_neighbors+1=21)
2025-06-18 16:33:24,419 - NIDS - WARNING - LOF prediction skipped: not enough samples (need at least n_neighbors+1=21)
2025-06-18 16:33:24,426 - NIDS - WARNING - LOF prediction skipped: not enough samples (need at least n_neighbors+1=21)
2025-06-18 16:33:24,433 - NIDS - WARNING - LOF prediction skipped: not enough samples (need at least n_neighbors+1=21)
2025-06-18 16:33:24,440 - NIDS - WARNING - LOF prediction skipped: not enough samples (need at least n_neighbors+1=21)
2025-06-18 16:33:24,448 - NIDS - WARNING - LOF prediction skipped: not enough samples (need at least n_neighbors+1=21)
2025-06-18 16:33:24,455 - NIDS - WARNING - LOF prediction skipped: not enough samples (need at least n_neighbors+1=21)
2025-06-18 16:33:24,463 - NIDS - WARNING - LOF prediction skipped: not enough samples (need at least n_neighbors+1=21)
2025-06-18 16:33:24,470 - NIDS - WARNING - LOF prediction skipped: not enough samples (need at least n_neighbors+1=21)
2025-06-18 16:33:24,478 - NIDS - WARNING - LOF prediction skipped: not enough samples (need at least n_neighbors+1=21)
2025-06-18 16:33:24,485 - NIDS - WARNING - LOF prediction skipped: not enough samples (need at least n_neighbors+1=21)
2025-06-18 16:33:24,492 - NIDS - WARNING - LOF prediction skipped: not enough samples (need at least n_neighbors+1=21)
2025-06-18 16:33:24,499 - NIDS - WARNING - LOF prediction skipped: not enough samples (need at least n_neighbors+1=21)
2025-06-18 16:33:24,506 - NIDS - WARNING - LOF prediction skipped: not enough samples (need at least n_neighbors+1=21)
2025-06-18 16:33:24,514 - NIDS - WARNING - LOF prediction skipped: not enough samples (need at least n_neighbors+1=21)
2025-06-18 16:33:24,521 - NIDS - WARNING - LOF prediction skipped: not enough samples (need at least n_neighbors+1=21)
2025-06-18 16:33:24,529 - NIDS - WARNING - LOF prediction skipped: not enough samples (need at least n_neighbors+1=21)
2025-06-18 16:33:24,536 - NIDS - WARNING - LOF prediction skipped: not enough samples (need at least n_neighbors+1=21)
2025-06-18 16:33:24,543 - NIDS - WARNING - LOF prediction skipped: not enough samples (need at least n_neighbors+1=21)
2025-06-18 16:33:24,550 - NIDS - WARNING - LOF prediction skipped: not enough samples (need at least n_neighbors+1=21)
2025-06-18 16:33:24,559 - NIDS - WARNING - LOF prediction skipped: not enough samples (need at least n_neighbors+1=21)
2025-06-18 16:33:24,566 - NIDS - WARNING - LOF prediction skipped: not enough samples (need at least n_neighbors+1=21)
2025-06-18 16:33:24,574 - NIDS - WARNING - LOF prediction skipped: not enough samples (need at least n_neighbors+1=21)
2025-06-18 16:33:24,581 - NIDS - WARNING - LOF prediction skipped: not enough samples (need at least n_neighbors+1=21)
2025-06-18 16:33:24,589 - NIDS - WARNING - LOF prediction skipped: not enough samples (need at least n_neighbors+1=21)
2025-06-18 16:33:24,596 - NIDS - WARNING - LOF prediction skipped: not enough samples (need at least n_neighbors+1=21)
2025-06-18 16:33:24,603 - NIDS - WARNING - LOF prediction skipped: not enough samples (need at least n_neighbors+1=21)
2025-06-18 16:33:24,610 - NIDS - WARNING - LOF prediction skipped: not enough samples (need at least n_neighbors+1=21)
2025-06-18 16:33:24,617 - NIDS - WARNING - LOF prediction skipped: not enough samples (need at least n_neighbors+1=21)
2025-06-18 16:33:24,625 - NIDS - WARNING - LOF prediction skipped: not enough samples (need at least n_neighbors+1=21)
2025-06-18 16:33:24,632 - NIDS - WARNING - LOF prediction skipped: not enough samples (need at least n_neighbors+1=21)
2025-06-18 16:33:24,639 - NIDS - WARNING - LOF prediction skipped: not enough samples (need at least n_neighbors+1=21)
2025-06-18 16:33:24,646 - NIDS - WARNING - LOF prediction skipped: not enough samples (need at least n_neighbors+1=21)
2025-06-18 16:33:24,654 - NIDS - WARNING - LOF prediction skipped: not enough samples (need at least n_neighbors+1=21)
2025-06-18 16:33:24,661 - NIDS - WARNING - LOF prediction skipped: not enough samples (need at least n_neighbors+1=21)
2025-06-18 16:33:24,669 - NIDS - WARNING - LOF prediction skipped: not enough samples (need at least n_neighbors+1=21)
2025-06-18 16:33:24,676 - NIDS - WARNING - LOF prediction skipped: not enough samples (need at least n_neighbors+1=21)
2025-06-18 16:33:24,684 - NIDS - WARNING - LOF prediction skipped: not enough samples (need at least n_neighbors+1=21)
2025-06-18 16:33:24,691 - NIDS - WARNING - LOF prediction skipped: not enough samples (need at least n_neighbors+1=21)
2025-06-18 16:33:24,709 - NIDS - WARNING - LOF prediction skipped: not enough samples (need at least n_neighbors+1=21)
2025-06-18 16:33:24,717 - NIDS - WARNING - LOF prediction skipped: not enough samples (need at least n_neighbors+1=21)
2025-06-18 16:33:24,725 - NIDS - WARNING - LOF prediction skipped: not enough samples (need at least n_neighbors+1=21)
2025-06-18 16:33:24,732 - NIDS - WARNING - LOF prediction skipped: not enough samples (need at least n_neighbors+1=21)
2025-06-18 16:33:24,740 - NIDS - WARNING - LOF prediction skipped: not enough samples (need at least n_neighbors+1=21)
2025-06-18 16:33:24,750 - NIDS - WARNING - LOF prediction skipped: not enough samples (need at least n_neighbors+1=21)
2025-06-18 16:33:24,758 - NIDS - WARNING - LOF prediction skipped: not enough samples (need at least n_neighbors+1=21)
2025-06-18 16:33:24,766 - NIDS - WARNING - LOF prediction skipped: not enough samples (need at least n_neighbors+1=21)
2025-06-18 16:33:24,774 - NIDS - WARNING - LOF prediction skipped: not enough samples (need at least n_neighbors+1=21)
2025-06-18 16:33:24,781 - NIDS - WARNING - LOF prediction skipped: not enough samples (need at least n_neighbors+1=21)
2025-06-18 16:33:24,789 - NIDS - WARNING - LOF prediction skipped: not enough samples (need at least n_neighbors+1=21)
2025-06-18 16:33:24,796 - NIDS - WARNING - LOF prediction skipped: not enough samples (need at least n_neighbors+1=21)
2025-06-18 16:33:24,804 - NIDS - WARNING - LOF prediction skipped: not enough samples (need at least n_neighbors+1=21)
2025-06-18 16:33:24,811 - NIDS - WARNING - LOF prediction skipped: not enough samples (need at least n_neighbors+1=21)
2025-06-18 16:33:24,820 - NIDS - WARNING - LOF prediction skipped: not enough samples (need at least n_neighbors+1=21)
2025-06-18 16:33:24,827 - NIDS - WARNING - LOF prediction skipped: not enough samples (need at least n_neighbors+1=21)
2025-06-18 16:33:24,834 - NIDS - WARNING - LOF prediction skipped: not enough samples (need at least n_neighbors+1=21)
2025-06-18 16:33:24,842 - NIDS - WARNING - LOF prediction skipped: not enough samples (need at least n_neighbors+1=21)
2025-06-18 16:33:24,849 - NIDS - WARNING - LOF prediction skipped: not enough samples (need at least n_neighbors+1=21)
2025-06-18 16:33:24,857 - NIDS - WARNING - LOF prediction skipped: not enough samples (need at least n_neighbors+1=21)
2025-06-18 16:33:24,865 - NIDS - WARNING - LOF prediction skipped: not enough samples (need at least n_neighbors+1=21)
2025-06-18 16:33:24,872 - NIDS - WARNING - LOF prediction skipped: not enough samples (need at least n_neighbors+1=21)
2025-06-18 16:33:24,879 - NIDS - WARNING - LOF prediction skipped: not enough samples (need at least n_neighbors+1=21)
2025-06-18 16:33:24,886 - NIDS - WARNING - LOF prediction skipped: not enough samples (need at least n_neighbors+1=21)
2025-06-18 16:33:24,894 - NIDS - WARNING - LOF prediction skipped: not enough samples (need at least n_neighbors+1=21)
2025-06-18 16:33:24,902 - NIDS - WARNING - LOF prediction skipped: not enough samples (need at least n_neighbors+1=21)
2025-06-18 16:33:24,909 - NIDS - WARNING - LOF prediction skipped: not enough samples (need at least n_neighbors+1=21)
2025-06-18 16:33:24,917 - NIDS - WARNING - LOF prediction skipped: not enough samples (need at least n_neighbors+1=21)
2025-06-18 16:33:24,924 - NIDS - WARNING - LOF prediction skipped: not enough samples (need at least n_neighbors+1=21)
2025-06-18 16:33:24,932 - NIDS - WARNING - LOF prediction skipped: not enough samples (need at least n_neighbors+1=21)
2025-06-18 16:33:24,939 - NIDS - WARNING - LOF prediction skipped: not enough samples (need at least n_neighbors+1=21)
2025-06-18 16:33:24,946 - NIDS - WARNING - LOF prediction skipped: not enough samples (need at least n_neighbors+1=21)
2025-06-18 16:33:24,953 - NIDS - WARNING - LOF prediction skipped: not enough samples (need at least n_neighbors+1=21)
2025-06-18 16:33:24,961 - NIDS - WARNING - LOF prediction skipped: not enough samples (need at least n_neighbors+1=21)
2025-06-18 16:33:24,968 - NIDS - WARNING - LOF prediction skipped: not enough samples (need at least n_neighbors+1=21)
2025-06-18 16:33:24,975 - NIDS - WARNING - LOF prediction skipped: not enough samples (need at least n_neighbors+1=21)
2025-06-18 16:33:24,982 - NIDS - WARNING - LOF prediction skipped: not enough samples (need at least n_neighbors+1=21)
2025-06-18 16:33:24,989 - NIDS - WARNING - LOF prediction skipped: not enough samples (need at least n_neighbors+1=21)
2025-06-18 16:33:24,997 - NIDS - WARNING - LOF prediction skipped: not enough samples (need at least n_neighbors+1=21)
2025-06-18 16:33:25,004 - NIDS - WARNING - LOF prediction skipped: not enough samples (need at least n_neighbors+1=21)
2025-06-18 16:33:25,011 - NIDS - WARNING - LOF prediction skipped: not enough samples (need at least n_neighbors+1=21)
2025-06-18 16:33:25,018 - NIDS - WARNING - LOF prediction skipped: not enough samples (need at least n_neighbors+1=21)
2025-06-18 16:33:25,025 - NIDS - WARNING - LOF prediction skipped: not enough samples (need at least n_neighbors+1=21)
2025-06-18 16:33:25,033 - NIDS - WARNING - LOF prediction skipped: not enough samples (need at least n_neighbors+1=21)
2025-06-18 16:33:25,040 - NIDS - WARNING - LOF prediction skipped: not enough samples (need at least n_neighbors+1=21)
2025-06-18 16:33:25,047 - NIDS - WARNING - LOF prediction skipped: not enough samples (need at least n_neighbors+1=21)
2025-06-18 16:33:25,054 - NIDS - WARNING - LOF prediction skipped: not enough samples (need at least n_neighbors+1=21)
2025-06-18 16:33:25,062 - NIDS - WARNING - LOF prediction skipped: not enough samples (need at least n_neighbors+1=21)
2025-06-18 16:33:25,069 - NIDS - WARNING - LOF prediction skipped: not enough samples (need at least n_neighbors+1=21)
2025-06-18 16:33:25,077 - NIDS - WARNING - LOF prediction skipped: not enough samples (need at least n_neighbors+1=21)
2025-06-18 16:33:25,084 - NIDS - WARNING - LOF prediction skipped: not enough samples (need at least n_neighbors+1=21)
2025-06-18 16:33:25,091 - NIDS - WARNING - LOF prediction skipped: not enough samples (need at least n_neighbors+1=21)
2025-06-18 16:33:25,098 - NIDS - WARNING - LOF prediction skipped: not enough samples (need at least n_neighbors+1=21)
2025-06-18 16:33:25,105 - NIDS - WARNING - LOF prediction skipped: not enough samples (need at least n_neighbors+1=21)
2025-06-18 16:33:25,113 - NIDS - WARNING - LOF prediction skipped: not enough samples (need at least n_neighbors+1=21)
2025-06-18 16:33:25,119 - NIDS - WARNING - LOF prediction skipped: not enough samples (need at least n_neighbors+1=21)
2025-06-18 16:33:25,126 - NIDS - WARNING - LOF prediction skipped: not enough samples (need at least n_neighbors+1=21)
2025-06-18 16:33:25,135 - NIDS - WARNING - LOF prediction skipped: not enough samples (need at least n_neighbors+1=21)
2025-06-18 16:33:25,142 - NIDS - WARNING - LOF prediction skipped: not enough samples (need at least n_neighbors+1=21)
2025-06-18 16:33:25,150 - NIDS - WARNING - LOF prediction skipped: not enough samples (need at least n_neighbors+1=21)
2025-06-18 16:33:25,157 - NIDS - WARNING - LOF prediction skipped: not enough samples (need at least n_neighbors+1=21)
2025-06-18 16:33:25,164 - NIDS - WARNING - LOF prediction skipped: not enough samples (need at least n_neighbors+1=21)
2025-06-18 16:33:25,172 - NIDS - WARNING - LOF prediction skipped: not enough samples (need at least n_neighbors+1=21)
2025-06-18 16:33:25,180 - NIDS - WARNING - LOF prediction skipped: not enough samples (need at least n_neighbors+1=21)
2025-06-18 16:33:25,187 - NIDS - WARNING - LOF prediction skipped: not enough samples (need at least n_neighbors+1=21)
2025-06-18 16:33:25,195 - NIDS - WARNING - LOF prediction skipped: not enough samples (need at least n_neighbors+1=21)
2025-06-18 16:33:25,202 - NIDS - WARNING - LOF prediction skipped: not enough samples (need at least n_neighbors+1=21)
2025-06-18 16:33:25,210 - NIDS - WARNING - LOF prediction skipped: not enough samples (need at least n_neighbors+1=21)
2025-06-18 16:33:25,217 - NIDS - WARNING - LOF prediction skipped: not enough samples (need at least n_neighbors+1=21)
2025-06-18 16:33:25,225 - NIDS - WARNING - LOF prediction skipped: not enough samples (need at least n_neighbors+1=21)
2025-06-18 16:33:25,233 - NIDS - WARNING - LOF prediction skipped: not enough samples (need at least n_neighbors+1=21)
2025-06-18 16:33:25,241 - NIDS - WARNING - LOF prediction skipped: not enough samples (need at least n_neighbors+1=21)
2025-06-18 16:33:25,249 - NIDS - WARNING - LOF prediction skipped: not enough samples (need at least n_neighbors+1=21)
2025-06-18 16:33:25,257 - NIDS - WARNING - LOF prediction skipped: not enough samples (need at least n_neighbors+1=21)
2025-06-18 16:33:25,264 - NIDS - WARNING - LOF prediction skipped: not enough samples (need at least n_neighbors+1=21)
2025-06-18 16:33:25,271 - NIDS - WARNING - LOF prediction skipped: not enough samples (need at least n_neighbors+1=21)
2025-06-18 16:33:25,278 - NIDS - WARNING - LOF prediction skipped: not enough samples (need at least n_neighbors+1=21)
2025-06-18 16:33:25,286 - NIDS - WARNING - LOF prediction skipped: not enough samples (need at least n_neighbors+1=21)
2025-06-18 16:33:25,293 - NIDS - WARNING - LOF prediction skipped: not enough samples (need at least n_neighbors+1=21)
2025-06-18 16:33:25,301 - NIDS - WARNING - LOF prediction skipped: not enough samples (need at least n_neighbors+1=21)
2025-06-18 16:33:25,308 - NIDS - WARNING - LOF prediction skipped: not enough samples (need at least n_neighbors+1=21)
2025-06-18 16:33:25,315 - NIDS - WARNING - LOF prediction skipped: not enough samples (need at least n_neighbors+1=21)
2025-06-18 16:33:25,323 - NIDS - WARNING - LOF prediction skipped: not enough samples (need at least n_neighbors+1=21)
2025-06-18 16:33:25,330 - NIDS - WARNING - LOF prediction skipped: not enough samples (need at least n_neighbors+1=21)
2025-06-18 16:33:25,338 - NIDS - WARNING - LOF prediction skipped: not enough samples (need at least n_neighbors+1=21)
2025-06-18 16:33:25,345 - NIDS - WARNING - LOF prediction skipped: not enough samples (need at least n_neighbors+1=21)
2025-06-18 16:33:25,352 - NIDS - WARNING - LOF prediction skipped: not enough samples (need at least n_neighbors+1=21)
2025-06-18 16:33:25,359 - NIDS - WARNING - LOF prediction skipped: not enough samples (need at least n_neighbors+1=21)
2025-06-18 16:33:25,367 - NIDS - WARNING - LOF prediction skipped: not enough samples (need at least n_neighbors+1=21)
2025-06-18 16:33:25,373 - NIDS - WARNING - LOF prediction skipped: not enough samples (need at least n_neighbors+1=21)
2025-06-18 16:33:25,381 - NIDS - WARNING - LOF prediction skipped: not enough samples (need at least n_neighbors+1=21)
2025-06-18 16:33:25,393 - NIDS - WARNING - LOF prediction skipped: not enough samples (need at least n_neighbors+1=21)
2025-06-18 16:33:25,406 - NIDS - WARNING - LOF prediction skipped: not enough samples (need at least n_neighbors+1=21)
2025-06-18 16:33:25,414 - NIDS - WARNING - LOF prediction skipped: not enough samples (need at least n_neighbors+1=21)
2025-06-18 16:33:25,422 - NIDS - WARNING - LOF prediction skipped: not enough samples (need at least n_neighbors+1=21)
2025-06-18 16:33:25,430 - NIDS - WARNING - LOF prediction skipped: not enough samples (need at least n_neighbors+1=21)
2025-06-18 16:33:25,437 - NIDS - WARNING - LOF prediction skipped: not enough samples (need at least n_neighbors+1=21)
2025-06-18 16:33:25,445 - NIDS - WARNING - LOF prediction skipped: not enough samples (need at least n_neighbors+1=21)
2025-06-18 16:33:25,452 - NIDS - WARNING - LOF prediction skipped: not enough samples (need at least n_neighbors+1=21)
2025-06-18 16:33:25,460 - NIDS - WARNING - LOF prediction skipped: not enough samples (need at least n_neighbors+1=21)
2025-06-18 16:33:25,467 - NIDS - WARNING - LOF prediction skipped: not enough samples (need at least n_neighbors+1=21)
2025-06-18 16:33:25,474 - NIDS - WARNING - LOF prediction skipped: not enough samples (need at least n_neighbors+1=21)
2025-06-18 16:33:25,481 - NIDS - WARNING - LOF prediction skipped: not enough samples (need at least n_neighbors+1=21)
2025-06-18 16:33:25,490 - NIDS - WARNING - LOF prediction skipped: not enough samples (need at least n_neighbors+1=21)
2025-06-18 16:33:25,498 - NIDS - WARNING - LOF prediction skipped: not enough samples (need at least n_neighbors+1=21)
2025-06-18 16:33:25,505 - NIDS - WARNING - LOF prediction skipped: not enough samples (need at least n_neighbors+1=21)
2025-06-18 16:33:25,513 - NIDS - WARNING - LOF prediction skipped: not enough samples (need at least n_neighbors+1=21)
2025-06-18 16:33:25,521 - NIDS - WARNING - LOF prediction skipped: not enough samples (need at least n_neighbors+1=21)
2025-06-18 16:33:25,528 - NIDS - WARNING - LOF prediction skipped: not enough samples (need at least n_neighbors+1=21)
2025-06-18 16:33:25,535 - NIDS - WARNING - LOF prediction skipped: not enough samples (need at least n_neighbors+1=21)
2025-06-18 16:33:25,542 - NIDS - WARNING - LOF prediction skipped: not enough samples (need at least n_neighbors+1=21)
2025-06-18 16:33:25,550 - NIDS - WARNING - LOF prediction skipped: not enough samples (need at least n_neighbors+1=21)
2025-06-18 16:33:25,558 - NIDS - WARNING - LOF prediction skipped: not enough samples (need at least n_neighbors+1=21)
2025-06-18 16:33:25,565 - NIDS - WARNING - LOF prediction skipped: not enough samples (need at least n_neighbors+1=21)
2025-06-18 16:33:25,573 - NIDS - WARNING - LOF prediction skipped: not enough samples (need at least n_neighbors+1=21)
2025-06-18 16:33:25,580 - NIDS - WARNING - LOF prediction skipped: not enough samples (need at least n_neighbors+1=21)
2025-06-18 16:33:25,587 - NIDS - WARNING - LOF prediction skipped: not enough samples (need at least n_neighbors+1=21)
2025-06-18 16:33:25,595 - NIDS - WARNING - LOF prediction skipped: not enough samples (need at least n_neighbors+1=21)
2025-06-18 16:33:25,602 - NIDS - WARNING - LOF prediction skipped: not enough samples (need at least n_neighbors+1=21)
2025-06-18 16:33:25,609 - NIDS - WARNING - LOF prediction skipped: not enough samples (need at least n_neighbors+1=21)
2025-06-18 16:33:25,617 - NIDS - WARNING - LOF prediction skipped: not enough samples (need at least n_neighbors+1=21)
2025-06-18 16:33:25,625 - NIDS - WARNING - LOF prediction skipped: not enough samples (need at least n_neighbors+1=21)
2025-06-18 16:33:25,632 - NIDS - WARNING - LOF prediction skipped: not enough samples (need at least n_neighbors+1=21)
2025-06-18 16:33:25,640 - NIDS - WARNING - LOF prediction skipped: not enough samples (need at least n_neighbors+1=21)
2025-06-18 16:33:25,648 - NIDS - WARNING - LOF prediction skipped: not enough samples (need at least n_neighbors+1=21)
2025-06-18 16:33:25,655 - NIDS - WARNING - LOF prediction skipped: not enough samples (need at least n_neighbors+1=21)
2025-06-18 16:33:25,662 - NIDS - WARNING - LOF prediction skipped: not enough samples (need at least n_neighbors+1=21)
2025-06-18 16:33:25,669 - NIDS - WARNING - LOF prediction skipped: not enough samples (need at least n_neighbors+1=21)
2025-06-18 16:33:25,677 - NIDS - WARNING - LOF prediction skipped: not enough samples (need at least n_neighbors+1=21)
2025-06-18 16:33:25,684 - NIDS - WARNING - LOF prediction skipped: not enough samples (need at least n_neighbors+1=21)
2025-06-18 16:33:25,692 - NIDS - WARNING - LOF prediction skipped: not enough samples (need at least n_neighbors+1=21)
2025-06-18 16:33:25,699 - NIDS - WARNING - LOF prediction skipped: not enough samples (need at least n_neighbors+1=21)
2025-06-18 16:33:25,707 - NIDS - WARNING - LOF prediction skipped: not enough samples (need at least n_neighbors+1=21)
2025-06-18 16:33:25,715 - NIDS - WARNING - LOF prediction skipped: not enough samples (need at least n_neighbors+1=21)
2025-06-18 16:33:25,722 - NIDS - WARNING - LOF prediction skipped: not enough samples (need at least n_neighbors+1=21)
2025-06-18 16:33:25,729 - NIDS - WARNING - LOF prediction skipped: not enough samples (need at least n_neighbors+1=21)
2025-06-18 16:33:25,736 - NIDS - WARNING - LOF prediction skipped: not enough samples (need at least n_neighbors+1=21)
2025-06-18 16:33:25,744 - NIDS - WARNING - LOF prediction skipped: not enough samples (need at least n_neighbors+1=21)
2025-06-18 16:33:25,751 - NIDS - WARNING - LOF prediction skipped: not enough samples (need at least n_neighbors+1=21)
2025-06-18 16:33:25,760 - NIDS - WARNING - LOF prediction skipped: not enough samples (need at least n_neighbors+1=21)
2025-06-18 16:33:25,767 - NIDS - WARNING - LOF prediction skipped: not enough samples (need at least n_neighbors+1=21)
2025-06-18 16:33:25,775 - NIDS - WARNING - LOF prediction skipped: not enough samples (need at least n_neighbors+1=21)
2025-06-18 16:33:25,782 - NIDS - WARNING - LOF prediction skipped: not enough samples (need at least n_neighbors+1=21)
2025-06-18 16:33:25,790 - NIDS - WARNING - LOF prediction skipped: not enough samples (need at least n_neighbors+1=21)
2025-06-18 16:33:25,797 - NIDS - WARNING - LOF prediction skipped: not enough samples (need at least n_neighbors+1=21)
2025-06-18 16:33:25,804 - NIDS - WARNING - LOF prediction skipped: not enough samples (need at least n_neighbors+1=21)
2025-06-18 16:33:25,813 - NIDS - WARNING - LOF prediction skipped: not enough samples (need at least n_neighbors+1=21)
2025-06-18 16:33:25,821 - NIDS - WARNING - LOF prediction skipped: not enough samples (need at least n_neighbors+1=21)
2025-06-18 16:33:25,828 - NIDS - WARNING - LOF prediction skipped: not enough samples (need at least n_neighbors+1=21)
2025-06-18 16:33:25,835 - NIDS - WARNING - LOF prediction skipped: not enough samples (need at least n_neighbors+1=21)
2025-06-18 16:33:25,842 - NIDS - WARNING - LOF prediction skipped: not enough samples (need at least n_neighbors+1=21)
2025-06-18 16:33:25,849 - NIDS - WARNING - LOF prediction skipped: not enough samples (need at least n_neighbors+1=21)
2025-06-18 16:33:25,857 - NIDS - WARNING - LOF prediction skipped: not enough samples (need at least n_neighbors+1=21)
2025-06-18 16:33:25,864 - NIDS - WARNING - LOF prediction skipped: not enough samples (need at least n_neighbors+1=21)
2025-06-18 16:33:25,872 - NIDS - WARNING - LOF prediction skipped: not enough samples (need at least n_neighbors+1=21)
2025-06-18 16:33:25,880 - NIDS - WARNING - LOF prediction skipped: not enough samples (need at least n_neighbors+1=21)
2025-06-18 16:33:25,887 - NIDS - WARNING - LOF prediction skipped: not enough samples (need at least n_neighbors+1=21)
2025-06-18 16:33:25,894 - NIDS - WARNING - LOF prediction skipped: not enough samples (need at least n_neighbors+1=21)
2025-06-18 16:33:25,902 - NIDS - WARNING - LOF prediction skipped: not enough samples (need at least n_neighbors+1=21)
2025-06-18 16:33:25,909 - NIDS - WARNING - LOF prediction skipped: not enough samples (need at least n_neighbors+1=21)
2025-06-18 16:33:25,917 - NIDS - WARNING - LOF prediction skipped: not enough samples (need at least n_neighbors+1=21)
2025-06-18 16:33:25,924 - NIDS - WARNING - LOF prediction skipped: not enough samples (need at least n_neighbors+1=21)
2025-06-18 16:33:25,932 - NIDS - WARNING - LOF prediction skipped: not enough samples (need at least n_neighbors+1=21)
2025-06-18 16:33:25,939 - NIDS - WARNING - LOF prediction skipped: not enough samples (need at least n_neighbors+1=21)
2025-06-18 16:33:25,946 - NIDS - WARNING - LOF prediction skipped: not enough samples (need at least n_neighbors+1=21)
2025-06-18 16:33:25,953 - NIDS - WARNING - LOF prediction skipped: not enough samples (need at least n_neighbors+1=21)
2025-06-18 16:33:25,961 - NIDS - WARNING - LOF prediction skipped: not enough samples (need at least n_neighbors+1=21)
2025-06-18 16:33:25,969 - NIDS - WARNING - LOF prediction skipped: not enough samples (need at least n_neighbors+1=21)
2025-06-18 16:33:25,976 - NIDS - WARNING - LOF prediction skipped: not enough samples (need at least n_neighbors+1=21)
2025-06-18 16:33:25,983 - NIDS - WARNING - LOF prediction skipped: not enough samples (need at least n_neighbors+1=21)
2025-06-18 16:33:25,990 - NIDS - WARNING - LOF prediction skipped: not enough samples (need at least n_neighbors+1=21)
2025-06-18 16:33:25,998 - NIDS - WARNING - LOF prediction skipped: not enough samples (need at least n_neighbors+1=21)
2025-06-18 16:33:26,005 - NIDS - WARNING - LOF prediction skipped: not enough samples (need at least n_neighbors+1=21)
2025-06-18 16:33:26,012 - NIDS - WARNING - LOF prediction skipped: not enough samples (need at least n_neighbors+1=21)
2025-06-18 16:33:26,019 - NIDS - WARNING - LOF prediction skipped: not enough samples (need at least n_neighbors+1=21)
2025-06-18 16:33:26,027 - NIDS - WARNING - LOF prediction skipped: not enough samples (need at least n_neighbors+1=21)
2025-06-18 16:33:26,034 - NIDS - WARNING - LOF prediction skipped: not enough samples (need at least n_neighbors+1=21)
2025-06-18 16:33:26,042 - NIDS - WARNING - LOF prediction skipped: not enough samples (need at least n_neighbors+1=21)
2025-06-18 16:33:26,049 - NIDS - WARNING - LOF prediction skipped: not enough samples (need at least n_neighbors+1=21)
2025-06-18 16:33:26,056 - NIDS - WARNING - LOF prediction skipped: not enough samples (need at least n_neighbors+1=21)
2025-06-18 16:33:26,063 - NIDS - WARNING - LOF prediction skipped: not enough samples (need at least n_neighbors+1=21)
2025-06-18 16:33:26,071 - NIDS - WARNING - LOF prediction skipped: not enough samples (need at least n_neighbors+1=21)
2025-06-18 16:33:26,079 - NIDS - WARNING - LOF prediction skipped: not enough samples (need at least n_neighbors+1=21)
2025-06-18 16:33:26,086 - NIDS - WARNING - LOF prediction skipped: not enough samples (need at least n_neighbors+1=21)
2025-06-18 16:33:26,094 - NIDS - WARNING - LOF prediction skipped: not enough samples (need at least n_neighbors+1=21)
2025-06-18 16:33:26,102 - NIDS - WARNING - LOF prediction skipped: not enough samples (need at least n_neighbors+1=21)
2025-06-18 16:33:26,109 - NIDS - WARNING - LOF prediction skipped: not enough samples (need at least n_neighbors+1=21)
2025-06-18 16:33:26,116 - NIDS - WARNING - LOF prediction skipped: not enough samples (need at least n_neighbors+1=21)
2025-06-18 16:33:26,123 - NIDS - WARNING - LOF prediction skipped: not enough samples (need at least n_neighbors+1=21)
2025-06-18 16:33:26,130 - NIDS - WARNING - LOF prediction skipped: not enough samples (need at least n_neighbors+1=21)
2025-06-18 16:33:26,137 - NIDS - WARNING - LOF prediction skipped: not enough samples (need at least n_neighbors+1=21)
2025-06-18 16:33:26,144 - NIDS - WARNING - LOF prediction skipped: not enough samples (need at least n_neighbors+1=21)
2025-06-18 16:33:26,152 - NIDS - WARNING - LOF prediction skipped: not enough samples (need at least n_neighbors+1=21)
2025-06-18 16:33:26,159 - NIDS - WARNING - LOF prediction skipped: not enough samples (need at least n_neighbors+1=21)
2025-06-18 16:33:26,164 - NIDS - INFO - Ensemble evaluation - Accuracy: 0.853, F1: 0.033
2025-06-18 16:33:26,165 - NIDS - INFO - Model Evaluation Results:
2025-06-18 16:33:26,165 - NIDS - INFO - Accuracy: 0.853
2025-06-18 16:33:26,165 - NIDS - INFO - Precision: 0.048
2025-06-18 16:33:26,165 - NIDS - INFO - Recall: 0.025
2025-06-18 16:33:26,165 - NIDS - INFO - F1-Score: 0.033
2025-06-18 16:33:26,166 - NIDS - INFO - Confusion Matrix:
2025-06-18 16:33:26,166 - NIDS - INFO -   TN: 340, FP: 20
2025-06-18 16:33:26,166 - NIDS - INFO -   FN: 39, TP: 1
2025-06-18 16:33:26,166 - NIDS - INFO - ✅ Model meets accuracy requirement (>80%)
2025-06-18 16:33:26,166 - NIDS - INFO - Training completed successfully!
2025-06-18 16:35:10,842 - NIDS - INFO - Configuration loaded from environment variables
2025-06-18 16:35:10,843 - NIDS - INFO - NIDS System Starting...
2025-06-18 16:35:10,843 - NIDS - INFO - Mode: web
2025-06-18 16:35:10,843 - NIDS - INFO - Interface: Ethernet
2025-06-18 16:35:10,844 - NIDS - INFO - Model Type: ensemble
2025-06-18 16:35:10,844 - NIDS - INFO - Starting web dashboard on port 5000
2025-06-18 16:35:10,844 - NIDS - INFO - Access the dashboard at: http://localhost:5000
2025-06-18 16:35:19,196 - NIDS - INFO - Packet capture initialized on interface: Ethernet
2025-06-18 16:35:19,196 - NIDS - INFO - Feature extractor initialized with window size: 100
2025-06-18 16:35:19,197 - NIDS - INFO - Initialized isolation_forest anomaly detector
2025-06-18 16:35:19,197 - NIDS - INFO - Initialized one_class_svm anomaly detector
2025-06-18 16:35:19,197 - NIDS - INFO - Initialized local_outlier_factor anomaly detector
2025-06-18 16:35:19,198 - NIDS - INFO - Initialized ensemble with 3 models
2025-06-18 16:35:19,198 - NIDS - INFO - NIDS Anomaly Detector initialized with ensemble model
2025-06-18 16:35:19,234 - NIDS - INFO - Model loaded from models/nids_model_isolation_forest.pkl
2025-06-18 16:35:19,242 - NIDS - INFO - Model loaded from models/nids_model_one_class_svm.pkl
2025-06-18 16:35:19,250 - NIDS - INFO - Model loaded from models/nids_model_local_outlier_factor.pkl
2025-06-18 16:35:19,251 - NIDS - INFO - Ensemble loaded from models/nids_model.pkl
2025-06-18 16:35:19,251 - NIDS - INFO - Model loaded successfully from models/nids_model.pkl
2025-06-18 16:35:19,252 - NIDS - INFO - Packet capture started
2025-06-18 16:35:19,253 - NIDS - INFO - NIDS Anomaly Detection System started successfully
2025-06-18 16:35:24,265 - NIDS - WARNING - LOF prediction skipped: not enough samples (need at least n_neighbors+1=21)
2025-06-18 16:35:24,266 - NIDS - WARNING - ML ANOMALY DETECTED - Score: -7.308, Packets: 16
2025-06-18 16:35:29,325 - NIDS - WARNING - LOF prediction skipped: not enough samples (need at least n_neighbors+1=21)
2025-06-18 16:35:34,336 - NIDS - WARNING - LOF prediction skipped: not enough samples (need at least n_neighbors+1=21)
2025-06-18 16:35:34,569 - NIDS - WARNING - ALERT: port_scan - {'src_ip': '10.0.2.15', 'dst_ip': '8.8.4.4', 'dst_port': 443, 'protocol': 17}
2025-06-18 16:35:39,349 - NIDS - WARNING - LOF prediction skipped: not enough samples (need at least n_neighbors+1=21)
2025-06-18 16:35:44,375 - NIDS - WARNING - LOF prediction skipped: not enough samples (need at least n_neighbors+1=21)
2025-06-18 16:35:49,388 - NIDS - WARNING - LOF prediction skipped: not enough samples (need at least n_neighbors+1=21)
2025-06-18 16:35:54,399 - NIDS - WARNING - LOF prediction skipped: not enough samples (need at least n_neighbors+1=21)
2025-06-18 16:35:59,411 - NIDS - WARNING - LOF prediction skipped: not enough samples (need at least n_neighbors+1=21)
2025-06-18 16:36:04,435 - NIDS - WARNING - LOF prediction skipped: not enough samples (need at least n_neighbors+1=21)
2025-06-18 16:36:09,446 - NIDS - WARNING - LOF prediction skipped: not enough samples (need at least n_neighbors+1=21)
2025-06-18 16:36:14,458 - NIDS - WARNING - LOF prediction skipped: not enough samples (need at least n_neighbors+1=21)
2025-06-18 16:36:17,101 - NIDS - WARNING - ALERT: ddos_indicator - {'src_ip': '34.198.21.75', 'dst_ip': '10.0.2.15', 'packet_size': 1494, 'protocol': 6}
2025-06-18 16:36:19,469 - NIDS - WARNING - LOF prediction skipped: not enough samples (need at least n_neighbors+1=21)
2025-06-18 16:36:24,482 - NIDS - WARNING - LOF prediction skipped: not enough samples (need at least n_neighbors+1=21)
2025-06-18 16:36:24,482 - NIDS - WARNING - ML ANOMALY DETECTED - Score: -7.297, Packets: 100
2025-06-18 16:36:29,496 - NIDS - WARNING - LOF prediction skipped: not enough samples (need at least n_neighbors+1=21)
2025-06-18 16:36:34,507 - NIDS - WARNING - LOF prediction skipped: not enough samples (need at least n_neighbors+1=21)
2025-06-18 16:36:39,518 - NIDS - WARNING - LOF prediction skipped: not enough samples (need at least n_neighbors+1=21)
2025-06-18 16:36:40,205 - NIDS - WARNING - ALERT: port_scan - {'src_ip': '10.0.2.15', 'dst_ip': '142.250.77.100', 'dst_port': 443, 'protocol': 17}
2025-06-18 16:36:44,531 - NIDS - WARNING - LOF prediction skipped: not enough samples (need at least n_neighbors+1=21)
2025-06-18 16:36:49,554 - NIDS - WARNING - LOF prediction skipped: not enough samples (need at least n_neighbors+1=21)
2025-06-18 16:36:54,567 - NIDS - WARNING - LOF prediction skipped: not enough samples (need at least n_neighbors+1=21)
2025-06-18 16:36:59,579 - NIDS - WARNING - LOF prediction skipped: not enough samples (need at least n_neighbors+1=21)
2025-06-18 16:37:04,591 - NIDS - WARNING - LOF prediction skipped: not enough samples (need at least n_neighbors+1=21)
2025-06-18 16:37:09,605 - NIDS - WARNING - LOF prediction skipped: not enough samples (need at least n_neighbors+1=21)
2025-06-18 16:37:11,363 - NIDS - INFO - Packet capture stopped
2025-06-18 16:37:11,606 - NIDS - INFO - NIDS Anomaly Detection System stopped
2025-06-18 16:41:43,155 - NIDS - INFO - Packet capture started
2025-06-18 16:41:43,158 - NIDS - INFO - NIDS Anomaly Detection System started successfully
2025-06-18 16:41:43,169 - NIDS - WARNING - LOF prediction skipped: not enough samples (need at least n_neighbors+1=21)
2025-06-18 16:41:43,169 - NIDS - WARNING - ML ANOMALY DETECTED - Score: -7.294, Packets: 100
2025-06-18 16:41:48,182 - NIDS - WARNING - LOF prediction skipped: not enough samples (need at least n_neighbors+1=21)
2025-06-18 16:41:48,990 - NIDS - INFO - Packet capture stopped
2025-06-18 16:41:49,183 - NIDS - INFO - NIDS Anomaly Detection System stopped
2025-06-18 16:41:49,226 - NIDS - ERROR - Error stopping NIDS: Can't set icon; window has no wrapper.
2025-06-18 16:43:01,570 - NIDS - INFO - Configuration loaded from environment variables
2025-06-18 16:43:01,570 - NIDS - INFO - NIDS System Starting...
2025-06-18 16:43:01,570 - NIDS - INFO - Mode: web
2025-06-18 16:43:01,571 - NIDS - INFO - Interface: Ethernet
2025-06-18 16:43:01,571 - NIDS - INFO - Model Type: ensemble
2025-06-18 16:43:01,571 - NIDS - INFO - Starting web dashboard on port 5000
2025-06-18 16:43:01,571 - NIDS - INFO - Access the dashboard at: http://localhost:5000
2025-06-18 16:43:12,913 - NIDS - INFO - Packet capture initialized on interface: Ethernet
2025-06-18 16:43:12,914 - NIDS - INFO - Feature extractor initialized with window size: 100
2025-06-18 16:43:12,914 - NIDS - INFO - Initialized isolation_forest anomaly detector
2025-06-18 16:43:12,915 - NIDS - INFO - Initialized one_class_svm anomaly detector
2025-06-18 16:43:12,915 - NIDS - INFO - Initialized local_outlier_factor anomaly detector
2025-06-18 16:43:12,915 - NIDS - INFO - Initialized ensemble with 3 models
2025-06-18 16:43:12,916 - NIDS - INFO - NIDS Anomaly Detector initialized with ensemble model
2025-06-18 16:43:12,938 - NIDS - INFO - Model loaded from models/nids_model_isolation_forest.pkl
2025-06-18 16:43:12,939 - NIDS - INFO - Model loaded from models/nids_model_one_class_svm.pkl
2025-06-18 16:43:12,941 - NIDS - INFO - Model loaded from models/nids_model_local_outlier_factor.pkl
2025-06-18 16:43:12,941 - NIDS - INFO - Ensemble loaded from models/nids_model.pkl
2025-06-18 16:43:12,942 - NIDS - INFO - Model loaded successfully from models/nids_model.pkl
2025-06-18 16:43:12,943 - NIDS - INFO - Packet capture started
2025-06-18 16:43:12,944 - NIDS - INFO - NIDS Anomaly Detection System started successfully
2025-06-18 16:43:14,739 - NIDS - WARNING - ALERT: port_scan - {'src_ip': '10.0.2.15', 'dst_ip': '10.0.2.3', 'dst_port': 53, 'protocol': 17}
2025-06-18 16:43:17,061 - NIDS - WARNING - ALERT: ddos_indicator - {'src_ip': '3.86.21.167', 'dst_ip': '10.0.2.15', 'packet_size': 1494, 'protocol': 6}
2025-06-18 16:43:17,959 - NIDS - WARNING - LOF prediction skipped: not enough samples (need at least n_neighbors+1=21)
2025-06-18 16:43:17,960 - NIDS - WARNING - ML ANOMALY DETECTED - Score: -7.302, Packets: 86
2025-06-18 16:43:22,975 - NIDS - WARNING - LOF prediction skipped: not enough samples (need at least n_neighbors+1=21)
2025-06-18 16:43:27,989 - NIDS - WARNING - LOF prediction skipped: not enough samples (need at least n_neighbors+1=21)
2025-06-18 16:43:33,004 - NIDS - WARNING - LOF prediction skipped: not enough samples (need at least n_neighbors+1=21)
2025-06-18 16:43:38,019 - NIDS - WARNING - LOF prediction skipped: not enough samples (need at least n_neighbors+1=21)
2025-06-18 16:43:43,030 - NIDS - WARNING - LOF prediction skipped: not enough samples (need at least n_neighbors+1=21)
2025-06-18 16:43:48,044 - NIDS - WARNING - LOF prediction skipped: not enough samples (need at least n_neighbors+1=21)
2025-06-18 16:43:53,056 - NIDS - WARNING - LOF prediction skipped: not enough samples (need at least n_neighbors+1=21)
2025-06-18 16:43:58,068 - NIDS - WARNING - LOF prediction skipped: not enough samples (need at least n_neighbors+1=21)
2025-06-18 16:44:03,080 - NIDS - WARNING - LOF prediction skipped: not enough samples (need at least n_neighbors+1=21)
2025-06-18 16:44:08,093 - NIDS - WARNING - LOF prediction skipped: not enough samples (need at least n_neighbors+1=21)
2025-06-18 16:44:13,106 - NIDS - WARNING - LOF prediction skipped: not enough samples (need at least n_neighbors+1=21)
2025-06-18 16:44:14,749 - NIDS - WARNING - ALERT: port_scan - {'src_ip': '10.0.2.15', 'dst_ip': '107.20.191.65', 'dst_port': 443, 'protocol': 6}
2025-06-18 16:44:18,118 - NIDS - WARNING - LOF prediction skipped: not enough samples (need at least n_neighbors+1=21)
2025-06-18 16:44:18,118 - NIDS - WARNING - ML ANOMALY DETECTED - Score: -7.296, Packets: 100
2025-06-18 16:44:23,131 - NIDS - WARNING - LOF prediction skipped: not enough samples (need at least n_neighbors+1=21)
2025-06-18 16:44:28,143 - NIDS - WARNING - LOF prediction skipped: not enough samples (need at least n_neighbors+1=21)
2025-06-18 16:44:31,289 - NIDS - INFO - Packet capture stopped
2025-06-18 16:44:32,147 - NIDS - INFO - NIDS Anomaly Detection System stopped
2025-06-18 16:47:11,280 - NIDS - INFO - Configuration loaded from environment variables
2025-06-18 16:47:11,280 - NIDS - INFO - NIDS System Starting...
2025-06-18 16:47:11,281 - NIDS - INFO - Mode: web
2025-06-18 16:47:11,281 - NIDS - INFO - Interface: Ethernet
2025-06-18 16:47:11,281 - NIDS - INFO - Model Type: ensemble
2025-06-18 16:47:11,281 - NIDS - INFO - Starting web dashboard on port 5000
2025-06-18 16:47:11,282 - NIDS - INFO - Access the dashboard at: http://localhost:5000
2025-06-18 16:47:17,098 - NIDS - INFO - Packet capture initialized on interface: Ethernet
2025-06-18 16:47:17,099 - NIDS - INFO - Feature extractor initialized with window size: 100
2025-06-18 16:47:17,100 - NIDS - INFO - Initialized isolation_forest anomaly detector
2025-06-18 16:47:17,100 - NIDS - INFO - Initialized one_class_svm anomaly detector
2025-06-18 16:47:17,100 - NIDS - INFO - Initialized local_outlier_factor anomaly detector
2025-06-18 16:47:17,100 - NIDS - INFO - Initialized ensemble with 3 models
2025-06-18 16:47:17,101 - NIDS - INFO - NIDS Anomaly Detector initialized with ensemble model
2025-06-18 16:47:17,123 - NIDS - INFO - Model loaded from models/nids_model_isolation_forest.pkl
2025-06-18 16:47:17,124 - NIDS - INFO - Model loaded from models/nids_model_one_class_svm.pkl
2025-06-18 16:47:17,126 - NIDS - INFO - Model loaded from models/nids_model_local_outlier_factor.pkl
2025-06-18 16:47:17,127 - NIDS - INFO - Ensemble loaded from models/nids_model.pkl
2025-06-18 16:47:17,127 - NIDS - INFO - Model loaded successfully from models/nids_model.pkl
2025-06-18 16:47:17,128 - NIDS - INFO - Packet capture started
2025-06-18 16:47:17,129 - NIDS - INFO - NIDS Anomaly Detection System started successfully
2025-06-18 16:47:19,368 - NIDS - WARNING - ALERT: port_scan - {'src_ip': '10.0.2.15', 'dst_ip': '10.0.2.3', 'dst_port': 53, 'protocol': 17}
2025-06-18 16:47:20,058 - NIDS - WARNING - ALERT: ddos_indicator - {'src_ip': '34.202.102.234', 'dst_ip': '10.0.2.15', 'packet_size': 1478, 'protocol': 6}
2025-06-18 16:47:22,145 - NIDS - WARNING - LOF prediction skipped: not enough samples (need at least n_neighbors+1=21)
2025-06-18 16:47:22,146 - NIDS - WARNING - ML ANOMALY DETECTED - Score: -7.301, Packets: 97
2025-06-18 16:47:27,158 - NIDS - WARNING - LOF prediction skipped: not enough samples (need at least n_neighbors+1=21)
2025-06-18 16:47:32,180 - NIDS - WARNING - LOF prediction skipped: not enough samples (need at least n_neighbors+1=21)
2025-06-18 16:47:37,196 - NIDS - WARNING - LOF prediction skipped: not enough samples (need at least n_neighbors+1=21)
2025-06-18 16:47:42,212 - NIDS - WARNING - LOF prediction skipped: not enough samples (need at least n_neighbors+1=21)
2025-06-18 16:47:47,224 - NIDS - WARNING - LOF prediction skipped: not enough samples (need at least n_neighbors+1=21)
2025-06-18 16:47:52,253 - NIDS - WARNING - LOF prediction skipped: not enough samples (need at least n_neighbors+1=21)
2025-06-18 16:47:57,265 - NIDS - WARNING - LOF prediction skipped: not enough samples (need at least n_neighbors+1=21)
2025-06-18 16:48:02,278 - NIDS - WARNING - LOF prediction skipped: not enough samples (need at least n_neighbors+1=21)
2025-06-18 16:48:07,290 - NIDS - WARNING - LOF prediction skipped: not enough samples (need at least n_neighbors+1=21)
2025-06-18 16:48:12,309 - NIDS - WARNING - LOF prediction skipped: not enough samples (need at least n_neighbors+1=21)
2025-06-18 16:48:17,319 - NIDS - WARNING - LOF prediction skipped: not enough samples (need at least n_neighbors+1=21)
2025-06-18 16:48:21,212 - NIDS - WARNING - ALERT: port_scan - {'src_ip': '10.0.2.15', 'dst_ip': '75.2.76.8', 'dst_port': 443, 'protocol': 6}
2025-06-18 16:48:22,345 - NIDS - WARNING - LOF prediction skipped: not enough samples (need at least n_neighbors+1=21)
2025-06-18 16:48:22,346 - NIDS - WARNING - ML ANOMALY DETECTED - Score: -7.300, Packets: 100
2025-06-18 16:48:24,978 - NIDS - INFO - Packet capture stopped
2025-06-18 16:48:25,351 - NIDS - INFO - NIDS Anomaly Detection System stopped
2025-06-18 16:49:13,394 - NIDS - INFO - Packet capture started
2025-06-18 16:49:13,397 - NIDS - INFO - NIDS Anomaly Detection System started successfully
2025-06-18 16:49:13,408 - NIDS - WARNING - LOF prediction skipped: not enough samples (need at least n_neighbors+1=21)
2025-06-18 16:49:16,570 - NIDS - INFO - Packet capture stopped
2025-06-18 16:49:17,411 - NIDS - INFO - NIDS Anomaly Detection System stopped
2025-06-18 16:49:17,450 - NIDS - ERROR - Error stopping NIDS: Can't set icon; window has no wrapper.
2025-06-18 16:52:24,602 - NIDS - INFO - Packet capture started
2025-06-18 16:52:24,605 - NIDS - INFO - NIDS Anomaly Detection System started successfully
2025-06-18 16:52:24,616 - NIDS - WARNING - LOF prediction skipped: not enough samples (need at least n_neighbors+1=21)
2025-06-18 16:52:24,617 - NIDS - WARNING - ML ANOMALY DETECTED - Score: -7.303, Packets: 100
2025-06-18 16:52:27,201 - NIDS - INFO - Packet capture stopped
2025-06-18 16:52:27,620 - NIDS - INFO - NIDS Anomaly Detection System stopped
2025-06-18 16:52:27,669 - NIDS - ERROR - Error stopping NIDS: Can't set icon; window has no wrapper.
2025-06-18 16:52:41,521 - NIDS - INFO - Configuration loaded from environment variables
2025-06-18 16:52:41,522 - NIDS - INFO - NIDS System Starting...
2025-06-18 16:52:41,522 - NIDS - INFO - Mode: web
2025-06-18 16:52:41,522 - NIDS - INFO - Interface: Ethernet
2025-06-18 16:52:41,522 - NIDS - INFO - Model Type: ensemble
2025-06-18 16:52:41,523 - NIDS - INFO - Starting web dashboard on port 5000
2025-06-18 16:52:41,523 - NIDS - INFO - Access the dashboard at: http://localhost:5000
2025-06-18 16:52:48,674 - NIDS - INFO - Packet capture initialized on interface: Ethernet
2025-06-18 16:52:48,674 - NIDS - INFO - Feature extractor initialized with window size: 100
2025-06-18 16:52:48,675 - NIDS - INFO - Initialized isolation_forest anomaly detector
2025-06-18 16:52:48,675 - NIDS - INFO - Initialized one_class_svm anomaly detector
2025-06-18 16:52:48,675 - NIDS - INFO - Initialized local_outlier_factor anomaly detector
2025-06-18 16:52:48,676 - NIDS - INFO - Initialized ensemble with 3 models
2025-06-18 16:52:48,676 - NIDS - INFO - NIDS Anomaly Detector initialized with ensemble model
2025-06-18 16:52:48,699 - NIDS - INFO - Model loaded from models/nids_model_isolation_forest.pkl
2025-06-18 16:52:48,700 - NIDS - INFO - Model loaded from models/nids_model_one_class_svm.pkl
2025-06-18 16:52:48,702 - NIDS - INFO - Model loaded from models/nids_model_local_outlier_factor.pkl
2025-06-18 16:52:48,702 - NIDS - INFO - Ensemble loaded from models/nids_model.pkl
2025-06-18 16:52:48,703 - NIDS - INFO - Model loaded successfully from models/nids_model.pkl
2025-06-18 16:52:48,704 - NIDS - INFO - Packet capture started
2025-06-18 16:52:48,705 - NIDS - INFO - NIDS Anomaly Detection System started successfully
2025-06-18 16:52:50,140 - NIDS - WARNING - ALERT: port_scan - {'src_ip': '10.0.2.15', 'dst_ip': '8.8.8.8', 'dst_port': 443, 'protocol': 17}
2025-06-18 16:52:50,256 - NIDS - WARNING - ALERT: ddos_indicator - {'src_ip': None, 'dst_ip': None, 'packet_size': 1514, 'protocol': None}
2025-06-18 16:52:53,719 - NIDS - WARNING - LOF prediction skipped: not enough samples (need at least n_neighbors+1=21)
2025-06-18 16:52:53,719 - NIDS - WARNING - ML ANOMALY DETECTED - Score: -7.301, Packets: 100
2025-06-18 16:52:58,732 - NIDS - WARNING - LOF prediction skipped: not enough samples (need at least n_neighbors+1=21)
2025-06-18 16:53:03,760 - NIDS - WARNING - LOF prediction skipped: not enough samples (need at least n_neighbors+1=21)
2025-06-18 16:53:08,772 - NIDS - WARNING - LOF prediction skipped: not enough samples (need at least n_neighbors+1=21)
2025-06-18 16:53:13,848 - NIDS - WARNING - LOF prediction skipped: not enough samples (need at least n_neighbors+1=21)
2025-06-18 16:53:18,887 - NIDS - WARNING - LOF prediction skipped: not enough samples (need at least n_neighbors+1=21)
2025-06-18 16:53:23,902 - NIDS - WARNING - LOF prediction skipped: not enough samples (need at least n_neighbors+1=21)
2025-06-18 16:53:28,915 - NIDS - WARNING - LOF prediction skipped: not enough samples (need at least n_neighbors+1=21)
2025-06-18 16:53:33,930 - NIDS - WARNING - LOF prediction skipped: not enough samples (need at least n_neighbors+1=21)
2025-06-18 16:53:38,942 - NIDS - WARNING - LOF prediction skipped: not enough samples (need at least n_neighbors+1=21)
2025-06-18 16:53:43,957 - NIDS - WARNING - LOF prediction skipped: not enough samples (need at least n_neighbors+1=21)
2025-06-18 16:53:48,969 - NIDS - WARNING - LOF prediction skipped: not enough samples (need at least n_neighbors+1=21)
2025-06-18 16:53:50,263 - NIDS - WARNING - ALERT: port_scan - {'src_ip': '10.0.2.15', 'dst_ip': '142.250.182.67', 'dst_port': 443, 'protocol': 17}
2025-06-18 16:53:52,063 - NIDS - INFO - Packet capture stopped
2025-06-18 16:53:52,063 - NIDS - INFO - NIDS Anomaly Detection System stopped
2025-06-18 16:54:12,883 - NIDS - INFO - Packet capture started
2025-06-18 16:54:12,885 - NIDS - INFO - NIDS Anomaly Detection System started successfully
2025-06-18 16:54:12,894 - NIDS - WARNING - LOF prediction skipped: not enough samples (need at least n_neighbors+1=21)
2025-06-18 16:54:12,895 - NIDS - WARNING - ML ANOMALY DETECTED - Score: -7.301, Packets: 100
2025-06-18 16:54:16,292 - NIDS - WARNING - ALERT: ddos_indicator - {'src_ip': '18.208.233.7', 'dst_ip': '10.0.2.15', 'packet_size': 1494, 'protocol': 6}
2025-06-18 16:54:17,918 - NIDS - WARNING - LOF prediction skipped: not enough samples (need at least n_neighbors+1=21)
2025-06-18 16:54:22,934 - NIDS - WARNING - LOF prediction skipped: not enough samples (need at least n_neighbors+1=21)
2025-06-18 16:54:27,946 - NIDS - WARNING - LOF prediction skipped: not enough samples (need at least n_neighbors+1=21)
2025-06-18 16:54:32,958 - NIDS - WARNING - LOF prediction skipped: not enough samples (need at least n_neighbors+1=21)
2025-06-18 16:54:37,974 - NIDS - WARNING - LOF prediction skipped: not enough samples (need at least n_neighbors+1=21)
2025-06-18 16:54:42,985 - NIDS - WARNING - LOF prediction skipped: not enough samples (need at least n_neighbors+1=21)
2025-06-18 16:54:48,020 - NIDS - WARNING - LOF prediction skipped: not enough samples (need at least n_neighbors+1=21)
2025-06-18 16:54:50,743 - NIDS - WARNING - ALERT: port_scan - {'src_ip': '10.0.2.15', 'dst_ip': '3.229.150.19', 'dst_port': 443, 'protocol': 6}
2025-06-18 16:54:53,034 - NIDS - WARNING - LOF prediction skipped: not enough samples (need at least n_neighbors+1=21)
2025-06-18 16:54:58,046 - NIDS - WARNING - LOF prediction skipped: not enough samples (need at least n_neighbors+1=21)
2025-06-18 16:55:03,058 - NIDS - WARNING - LOF prediction skipped: not enough samples (need at least n_neighbors+1=21)
2025-06-18 16:55:08,072 - NIDS - WARNING - LOF prediction skipped: not enough samples (need at least n_neighbors+1=21)
2025-06-18 16:57:04,249 - NIDS - INFO - Configuration loaded from environment variables
2025-06-18 16:57:04,249 - NIDS - INFO - NIDS System Starting...
2025-06-18 16:57:04,250 - NIDS - INFO - Mode: web
2025-06-18 16:57:04,250 - NIDS - INFO - Interface: Ethernet
2025-06-18 16:57:04,250 - NIDS - INFO - Model Type: ensemble
2025-06-18 16:57:04,250 - NIDS - INFO - Starting web dashboard on port 5000
2025-06-18 16:57:04,250 - NIDS - INFO - Access the dashboard at: http://localhost:5000
2025-06-18 16:57:22,578 - NIDS - INFO - Packet capture initialized on interface: Ethernet
2025-06-18 16:57:22,578 - NIDS - INFO - Feature extractor initialized with window size: 100
2025-06-18 16:57:22,579 - NIDS - INFO - Initialized isolation_forest anomaly detector
2025-06-18 16:57:22,579 - NIDS - INFO - Initialized one_class_svm anomaly detector
2025-06-18 16:57:22,580 - NIDS - INFO - Initialized local_outlier_factor anomaly detector
2025-06-18 16:57:22,580 - NIDS - INFO - Initialized ensemble with 3 models
2025-06-18 16:57:22,580 - NIDS - INFO - NIDS Anomaly Detector initialized with ensemble model
2025-06-18 16:57:22,602 - NIDS - INFO - Model loaded from models/nids_model_isolation_forest.pkl
2025-06-18 16:57:22,604 - NIDS - INFO - Model loaded from models/nids_model_one_class_svm.pkl
2025-06-18 16:57:22,606 - NIDS - INFO - Model loaded from models/nids_model_local_outlier_factor.pkl
2025-06-18 16:57:22,606 - NIDS - INFO - Ensemble loaded from models/nids_model.pkl
2025-06-18 16:57:22,606 - NIDS - INFO - Model loaded successfully from models/nids_model.pkl
2025-06-18 16:57:22,607 - NIDS - INFO - Packet capture started
2025-06-18 16:57:22,608 - NIDS - INFO - NIDS Anomaly Detection System started successfully
2025-06-18 16:57:22,864 - NIDS - WARNING - ALERT: port_scan - {'src_ip': '10.0.2.15', 'dst_ip': '34.232.130.202', 'dst_port': 443, 'protocol': 6}
2025-06-18 16:57:27,646 - NIDS - WARNING - LOF prediction skipped: not enough samples (need at least n_neighbors+1=21)
2025-06-18 16:57:27,647 - NIDS - WARNING - ML ANOMALY DETECTED - Score: -7.270, Packets: 41
2025-06-18 16:57:32,657 - NIDS - WARNING - LOF prediction skipped: not enough samples (need at least n_neighbors+1=21)
2025-06-18 16:57:37,670 - NIDS - WARNING - LOF prediction skipped: not enough samples (need at least n_neighbors+1=21)
2025-06-18 16:57:42,681 - NIDS - WARNING - LOF prediction skipped: not enough samples (need at least n_neighbors+1=21)
2025-06-18 16:57:47,691 - NIDS - WARNING - LOF prediction skipped: not enough samples (need at least n_neighbors+1=21)
2025-06-18 16:57:52,711 - NIDS - WARNING - LOF prediction skipped: not enough samples (need at least n_neighbors+1=21)
2025-06-18 16:57:57,731 - NIDS - WARNING - LOF prediction skipped: not enough samples (need at least n_neighbors+1=21)
2025-06-18 16:58:02,743 - NIDS - WARNING - LOF prediction skipped: not enough samples (need at least n_neighbors+1=21)
2025-06-18 16:58:07,755 - NIDS - WARNING - LOF prediction skipped: not enough samples (need at least n_neighbors+1=21)
2025-06-18 16:58:12,768 - NIDS - WARNING - LOF prediction skipped: not enough samples (need at least n_neighbors+1=21)
2025-06-18 16:58:17,155 - NIDS - WARNING - ALERT: ddos_indicator - {'src_ip': '3.232.138.117', 'dst_ip': '10.0.2.15', 'packet_size': 1494, 'protocol': 6}
2025-06-18 16:58:17,780 - NIDS - WARNING - LOF prediction skipped: not enough samples (need at least n_neighbors+1=21)
2025-06-18 16:58:22,800 - NIDS - WARNING - LOF prediction skipped: not enough samples (need at least n_neighbors+1=21)
2025-06-18 16:58:24,174 - NIDS - WARNING - ALERT: port_scan - {'src_ip': '10.0.2.15', 'dst_ip': '75.2.76.8', 'dst_port': 443, 'protocol': 6}
2025-06-18 16:58:27,813 - NIDS - WARNING - LOF prediction skipped: not enough samples (need at least n_neighbors+1=21)
2025-06-18 16:58:27,813 - NIDS - WARNING - ML ANOMALY DETECTED - Score: -7.301, Packets: 100
2025-06-18 16:58:32,824 - NIDS - WARNING - LOF prediction skipped: not enough samples (need at least n_neighbors+1=21)
2025-06-18 16:58:37,891 - NIDS - WARNING - LOF prediction skipped: not enough samples (need at least n_neighbors+1=21)
2025-06-18 16:58:42,906 - NIDS - WARNING - LOF prediction skipped: not enough samples (need at least n_neighbors+1=21)
2025-06-18 16:58:47,917 - NIDS - WARNING - LOF prediction skipped: not enough samples (need at least n_neighbors+1=21)
2025-06-18 16:58:52,930 - NIDS - WARNING - LOF prediction skipped: not enough samples (need at least n_neighbors+1=21)
2025-06-18 16:58:57,943 - NIDS - WARNING - LOF prediction skipped: not enough samples (need at least n_neighbors+1=21)
2025-06-18 16:59:02,954 - NIDS - WARNING - LOF prediction skipped: not enough samples (need at least n_neighbors+1=21)
2025-06-18 16:59:07,996 - NIDS - WARNING - LOF prediction skipped: not enough samples (need at least n_neighbors+1=21)
2025-06-18 16:59:13,008 - NIDS - WARNING - LOF prediction skipped: not enough samples (need at least n_neighbors+1=21)
2025-06-18 16:59:18,023 - NIDS - WARNING - LOF prediction skipped: not enough samples (need at least n_neighbors+1=21)
2025-06-18 16:59:23,038 - NIDS - WARNING - LOF prediction skipped: not enough samples (need at least n_neighbors+1=21)
2025-06-18 16:59:26,688 - NIDS - WARNING - ALERT: port_scan - {'src_ip': '10.0.2.15', 'dst_ip': '10.0.2.3', 'dst_port': 53, 'protocol': 17}
2025-06-18 16:59:27,497 - NIDS - WARNING - ALERT: ddos_indicator - {'src_ip': '34.233.28.173', 'dst_ip': '10.0.2.15', 'packet_size': 1494, 'protocol': 6}
2025-06-18 16:59:28,053 - NIDS - WARNING - LOF prediction skipped: not enough samples (need at least n_neighbors+1=21)
2025-06-18 16:59:28,053 - NIDS - WARNING - ML ANOMALY DETECTED - Score: -7.301, Packets: 100
2025-06-18 16:59:33,072 - NIDS - WARNING - LOF prediction skipped: not enough samples (need at least n_neighbors+1=21)
2025-06-18 16:59:38,083 - NIDS - WARNING - LOF prediction skipped: not enough samples (need at least n_neighbors+1=21)
2025-06-18 16:59:43,095 - NIDS - WARNING - LOF prediction skipped: not enough samples (need at least n_neighbors+1=21)
2025-06-18 16:59:48,106 - NIDS - WARNING - LOF prediction skipped: not enough samples (need at least n_neighbors+1=21)
2025-06-18 16:59:53,139 - NIDS - WARNING - LOF prediction skipped: not enough samples (need at least n_neighbors+1=21)
2025-06-18 16:59:58,159 - NIDS - WARNING - LOF prediction skipped: not enough samples (need at least n_neighbors+1=21)
2025-06-18 17:00:03,173 - NIDS - WARNING - LOF prediction skipped: not enough samples (need at least n_neighbors+1=21)
2025-06-18 17:00:08,238 - NIDS - WARNING - LOF prediction skipped: not enough samples (need at least n_neighbors+1=21)
2025-06-18 17:00:13,252 - NIDS - WARNING - LOF prediction skipped: not enough samples (need at least n_neighbors+1=21)
2025-06-18 17:00:18,264 - NIDS - WARNING - LOF prediction skipped: not enough samples (need at least n_neighbors+1=21)
2025-06-18 17:00:23,275 - NIDS - WARNING - LOF prediction skipped: not enough samples (need at least n_neighbors+1=21)
2025-06-18 17:03:17,625 - NIDS - INFO - Configuration loaded from environment variables
2025-06-18 17:03:17,625 - NIDS - INFO - NIDS System Starting...
2025-06-18 17:03:17,626 - NIDS - INFO - Mode: web
2025-06-18 17:03:17,626 - NIDS - INFO - Interface: Ethernet
2025-06-18 17:03:17,626 - NIDS - INFO - Model Type: ensemble
2025-06-18 17:03:17,626 - NIDS - INFO - Starting web dashboard on port 5000
2025-06-18 17:03:17,627 - NIDS - INFO - Access the dashboard at: http://localhost:5000
2025-06-18 17:03:24,304 - NIDS - INFO - Packet capture initialized on interface: Ethernet
2025-06-18 17:03:24,305 - NIDS - INFO - Feature extractor initialized with window size: 100
2025-06-18 17:03:24,306 - NIDS - INFO - Initialized isolation_forest anomaly detector
2025-06-18 17:03:24,306 - NIDS - INFO - Initialized one_class_svm anomaly detector
2025-06-18 17:03:24,306 - NIDS - INFO - Initialized local_outlier_factor anomaly detector
2025-06-18 17:03:24,307 - NIDS - INFO - Initialized ensemble with 3 models
2025-06-18 17:03:24,307 - NIDS - INFO - NIDS Anomaly Detector initialized with ensemble model
2025-06-18 17:03:24,330 - NIDS - INFO - Model loaded from models/nids_model_isolation_forest.pkl
2025-06-18 17:03:24,331 - NIDS - INFO - Model loaded from models/nids_model_one_class_svm.pkl
2025-06-18 17:03:24,333 - NIDS - INFO - Model loaded from models/nids_model_local_outlier_factor.pkl
2025-06-18 17:03:24,333 - NIDS - INFO - Ensemble loaded from models/nids_model.pkl
2025-06-18 17:03:24,334 - NIDS - INFO - Model loaded successfully from models/nids_model.pkl
2025-06-18 17:03:24,335 - NIDS - INFO - Packet capture started
2025-06-18 17:03:24,336 - NIDS - INFO - NIDS Anomaly Detection System started successfully
2025-06-18 17:03:29,348 - NIDS - WARNING - LOF prediction skipped: not enough samples (need at least n_neighbors+1=21)
2025-06-18 17:03:29,349 - NIDS - WARNING - ML ANOMALY DETECTED - Score: -7.309, Packets: 13
2025-06-18 17:03:30,863 - NIDS - WARNING - ALERT: port_scan - {'src_ip': '10.0.2.15', 'dst_ip': '3.229.150.19', 'dst_port': 443, 'protocol': 6}
2025-06-18 17:03:34,361 - NIDS - WARNING - LOF prediction skipped: not enough samples (need at least n_neighbors+1=21)
2025-06-18 17:03:39,384 - NIDS - WARNING - LOF prediction skipped: not enough samples (need at least n_neighbors+1=21)
2025-06-18 17:03:44,418 - NIDS - WARNING - LOF prediction skipped: not enough samples (need at least n_neighbors+1=21)
2025-06-18 17:03:49,443 - NIDS - WARNING - LOF prediction skipped: not enough samples (need at least n_neighbors+1=21)
2025-06-18 17:03:54,465 - NIDS - WARNING - LOF prediction skipped: not enough samples (need at least n_neighbors+1=21)
2025-06-18 17:03:59,499 - NIDS - WARNING - LOF prediction skipped: not enough samples (need at least n_neighbors+1=21)
2025-06-18 17:04:04,510 - NIDS - WARNING - LOF prediction skipped: not enough samples (need at least n_neighbors+1=21)
2025-06-18 17:04:09,523 - NIDS - WARNING - LOF prediction skipped: not enough samples (need at least n_neighbors+1=21)
2025-06-18 17:04:14,538 - NIDS - WARNING - LOF prediction skipped: not enough samples (need at least n_neighbors+1=21)
2025-06-18 17:04:17,121 - NIDS - WARNING - ALERT: ddos_indicator - {'src_ip': '35.168.50.176', 'dst_ip': '10.0.2.15', 'packet_size': 1494, 'protocol': 6}
2025-06-18 17:04:19,550 - NIDS - WARNING - LOF prediction skipped: not enough samples (need at least n_neighbors+1=21)
2025-06-18 17:04:24,561 - NIDS - WARNING - LOF prediction skipped: not enough samples (need at least n_neighbors+1=21)
2025-06-18 17:04:29,575 - NIDS - WARNING - LOF prediction skipped: not enough samples (need at least n_neighbors+1=21)
2025-06-18 17:04:29,575 - NIDS - WARNING - ML ANOMALY DETECTED - Score: -7.300, Packets: 100
2025-06-18 17:04:30,970 - NIDS - INFO - Packet capture stopped
2025-06-18 17:04:31,578 - NIDS - INFO - NIDS Anomaly Detection System stopped
2025-06-18 17:04:49,577 - NIDS - INFO - Feature extractor initialized with window size: 100
2025-06-18 17:04:49,593 - NIDS - INFO - Generated 1000 synthetic feature samples
2025-06-18 17:04:49,594 - NIDS - INFO - Created labels: 100 anomalies out of 1000 samples
2025-06-18 17:04:49,595 - NIDS - INFO - Starting model training...
2025-06-18 17:04:49,605 - NIDS - INFO - Updated feature normalization statistics
2025-06-18 17:04:49,605 - NIDS - INFO - Training isolation_forest...
2025-06-18 17:04:49,753 - NIDS - INFO - Model trained successfully with 1000 samples and 60 features
2025-06-18 17:04:49,753 - NIDS - INFO - Training one_class_svm...
2025-06-18 17:04:49,771 - NIDS - INFO - Model trained successfully with 1000 samples and 60 features
2025-06-18 17:04:49,771 - NIDS - INFO - Training local_outlier_factor...
2025-06-18 17:04:51,259 - NIDS - INFO - Model trained successfully with 1000 samples and 60 features
2025-06-18 17:04:51,301 - NIDS - INFO - Model evaluation - Accuracy: 0.816, F1: 0.080
2025-06-18 17:04:51,362 - NIDS - INFO - Model evaluation - Accuracy: 0.811, F1: 0.121
2025-06-18 17:04:51,414 - NIDS - INFO - Model evaluation - Accuracy: 0.830, F1: 0.150
2025-06-18 17:04:51,414 - NIDS - INFO - Optimized weights: {'isolation_forest': 0.22796554009277667, 'one_class_svm': 0.3445990722332671, 'local_outlier_factor': 0.4274353876739562}
2025-06-18 17:04:51,414 - NIDS - INFO - Ensemble training completed
2025-06-18 17:04:51,449 - NIDS - INFO - Model saved to models/nids_model_isolation_forest.pkl
2025-06-18 17:04:51,452 - NIDS - INFO - Model saved to models/nids_model_one_class_svm.pkl
2025-06-18 17:04:51,455 - NIDS - INFO - Model saved to models/nids_model_local_outlier_factor.pkl
2025-06-18 17:04:51,455 - NIDS - INFO - Ensemble saved to models/nids_model.pkl
2025-06-18 17:04:51,456 - NIDS - INFO - Model training completed successfully
2025-06-18 17:04:57,752 - NIDS - INFO - Alert clearing requested
2025-06-18 17:05:03,152 - NIDS - INFO - Alert clearing requested
2025-06-18 17:05:07,801 - NIDS - INFO - Packet capture started
2025-06-18 17:05:07,804 - NIDS - INFO - NIDS Anomaly Detection System started successfully
2025-06-18 17:05:07,817 - NIDS - WARNING - LOF prediction skipped: not enough samples (need at least n_neighbors+1=21)
2025-06-18 17:05:12,829 - NIDS - WARNING - LOF prediction skipped: not enough samples (need at least n_neighbors+1=21)
2025-06-18 17:05:14,729 - NIDS - WARNING - ALERT: port_scan - {'src_ip': '10.0.2.15', 'dst_ip': '10.0.2.3', 'dst_port': 53, 'protocol': 17}
2025-06-18 17:05:17,842 - NIDS - WARNING - LOF prediction skipped: not enough samples (need at least n_neighbors+1=21)
2025-06-18 17:05:22,858 - NIDS - WARNING - LOF prediction skipped: not enough samples (need at least n_neighbors+1=21)
2025-06-18 17:05:27,869 - NIDS - WARNING - LOF prediction skipped: not enough samples (need at least n_neighbors+1=21)
2025-06-18 17:05:32,880 - NIDS - WARNING - LOF prediction skipped: not enough samples (need at least n_neighbors+1=21)
2025-06-18 17:05:32,880 - NIDS - WARNING - ML ANOMALY DETECTED - Score: -3.572, Packets: 100
2025-06-18 17:05:37,893 - NIDS - WARNING - LOF prediction skipped: not enough samples (need at least n_neighbors+1=21)
2025-06-18 17:05:42,906 - NIDS - WARNING - LOF prediction skipped: not enough samples (need at least n_neighbors+1=21)
2025-06-18 17:05:47,941 - NIDS - WARNING - LOF prediction skipped: not enough samples (need at least n_neighbors+1=21)
2025-06-18 17:05:52,952 - NIDS - WARNING - LOF prediction skipped: not enough samples (need at least n_neighbors+1=21)
2025-06-18 17:05:57,964 - NIDS - WARNING - LOF prediction skipped: not enough samples (need at least n_neighbors+1=21)
2025-06-18 17:06:02,977 - NIDS - WARNING - LOF prediction skipped: not enough samples (need at least n_neighbors+1=21)
2025-06-18 17:06:07,991 - NIDS - WARNING - LOF prediction skipped: not enough samples (need at least n_neighbors+1=21)
2025-06-18 17:06:13,017 - NIDS - WARNING - LOF prediction skipped: not enough samples (need at least n_neighbors+1=21)
2025-06-18 17:06:14,750 - NIDS - WARNING - ALERT: port_scan - {'src_ip': '10.0.2.15', 'dst_ip': '52.3.18.101', 'dst_port': 443, 'protocol': 6}
2025-06-18 17:06:17,093 - NIDS - WARNING - ALERT: ddos_indicator - {'src_ip': '44.216.63.152', 'dst_ip': '10.0.2.15', 'packet_size': 1494, 'protocol': 6}
2025-06-18 17:06:18,030 - NIDS - WARNING - LOF prediction skipped: not enough samples (need at least n_neighbors+1=21)
2025-06-18 17:06:23,041 - NIDS - WARNING - LOF prediction skipped: not enough samples (need at least n_neighbors+1=21)
2025-06-18 17:06:28,057 - NIDS - WARNING - LOF prediction skipped: not enough samples (need at least n_neighbors+1=21)
2025-06-18 17:06:33,069 - NIDS - WARNING - LOF prediction skipped: not enough samples (need at least n_neighbors+1=21)
2025-06-18 17:06:33,069 - NIDS - WARNING - ML ANOMALY DETECTED - Score: -3.569, Packets: 100
2025-06-18 17:06:38,084 - NIDS - WARNING - LOF prediction skipped: not enough samples (need at least n_neighbors+1=21)
2025-06-18 17:06:43,096 - NIDS - WARNING - LOF prediction skipped: not enough samples (need at least n_neighbors+1=21)
2025-06-18 17:06:48,143 - NIDS - WARNING - LOF prediction skipped: not enough samples (need at least n_neighbors+1=21)
2025-06-18 17:06:53,190 - NIDS - WARNING - LOF prediction skipped: not enough samples (need at least n_neighbors+1=21)
2025-06-18 17:09:33,402 - NIDS - INFO - Configuration loaded from environment variables
2025-06-18 17:09:33,403 - NIDS - INFO - NIDS System Starting...
2025-06-18 17:09:33,403 - NIDS - INFO - Mode: web
2025-06-18 17:09:33,403 - NIDS - INFO - Interface: Ethernet
2025-06-18 17:09:33,403 - NIDS - INFO - Model Type: ensemble
2025-06-18 17:09:33,403 - NIDS - INFO - Starting web dashboard on port 5000
2025-06-18 17:09:33,404 - NIDS - INFO - Access the dashboard at: http://localhost:5000
2025-06-18 17:09:48,832 - NIDS - INFO - Packet capture initialized on interface: Ethernet
2025-06-18 17:09:48,833 - NIDS - INFO - Feature extractor initialized with window size: 100
2025-06-18 17:09:48,834 - NIDS - INFO - Initialized isolation_forest anomaly detector
2025-06-18 17:09:48,834 - NIDS - INFO - Initialized one_class_svm anomaly detector
2025-06-18 17:09:48,834 - NIDS - INFO - Initialized local_outlier_factor anomaly detector
2025-06-18 17:09:48,835 - NIDS - INFO - Initialized ensemble with 3 models
2025-06-18 17:09:48,835 - NIDS - INFO - NIDS Anomaly Detector initialized with ensemble model
2025-06-18 17:09:48,856 - NIDS - INFO - Model loaded from models/nids_model_isolation_forest.pkl
2025-06-18 17:09:48,857 - NIDS - INFO - Model loaded from models/nids_model_one_class_svm.pkl
2025-06-18 17:09:48,859 - NIDS - INFO - Model loaded from models/nids_model_local_outlier_factor.pkl
2025-06-18 17:09:48,859 - NIDS - INFO - Ensemble loaded from models/nids_model.pkl
2025-06-18 17:09:48,860 - NIDS - INFO - Model loaded successfully from models/nids_model.pkl
2025-06-18 17:09:48,861 - NIDS - INFO - Packet capture started
2025-06-18 17:09:48,862 - NIDS - INFO - NIDS Anomaly Detection System started successfully
2025-06-18 17:09:53,057 - NIDS - WARNING - ALERT: port_scan - {'src_ip': '10.0.2.15', 'dst_ip': '142.250.195.196', 'dst_port': 443, 'protocol': 17}
2025-06-18 17:09:53,874 - NIDS - WARNING - LOF prediction skipped: not enough samples (need at least n_neighbors+1=21)
2025-06-18 17:09:53,874 - NIDS - WARNING - ML ANOMALY DETECTED - Score: -3.553, Packets: 16
2025-06-18 17:09:58,908 - NIDS - WARNING - LOF prediction skipped: not enough samples (need at least n_neighbors+1=21)
2025-06-18 17:10:03,938 - NIDS - WARNING - LOF prediction skipped: not enough samples (need at least n_neighbors+1=21)
2025-06-18 17:10:08,951 - NIDS - WARNING - LOF prediction skipped: not enough samples (need at least n_neighbors+1=21)
2025-06-18 17:10:13,965 - NIDS - WARNING - LOF prediction skipped: not enough samples (need at least n_neighbors+1=21)
2025-06-18 17:10:17,161 - NIDS - WARNING - ALERT: ddos_indicator - {'src_ip': '3.229.150.19', 'dst_ip': '10.0.2.15', 'packet_size': 1494, 'protocol': 6}
2025-06-18 17:10:18,977 - NIDS - WARNING - LOF prediction skipped: not enough samples (need at least n_neighbors+1=21)
2025-06-18 17:10:22,881 - NIDS - INFO - Packet capture stopped
2025-06-18 17:10:22,882 - NIDS - INFO - NIDS Anomaly Detection System stopped
2025-06-18 17:11:02,833 - NIDS - INFO - Packet capture started
2025-06-18 17:11:02,836 - NIDS - INFO - NIDS Anomaly Detection System started successfully
2025-06-18 17:11:02,846 - NIDS - WARNING - LOF prediction skipped: not enough samples (need at least n_neighbors+1=21)
2025-06-18 17:11:02,847 - NIDS - WARNING - ML ANOMALY DETECTED - Score: -3.570, Packets: 99
2025-06-18 17:11:05,871 - NIDS - WARNING - ALERT: port_scan - {'src_ip': '10.0.2.15', 'dst_ip': '34.195.40.78', 'dst_port': 443, 'protocol': 6}
2025-06-18 17:11:07,860 - NIDS - WARNING - LOF prediction skipped: not enough samples (need at least n_neighbors+1=21)
2025-06-18 17:11:08,890 - NIDS - INFO - Packet capture stopped
2025-06-18 17:11:08,891 - NIDS - INFO - NIDS Anomaly Detection System stopped
2025-06-18 17:11:08,933 - NIDS - ERROR - Error stopping NIDS: Can't set icon; window has no wrapper.
2025-06-18 17:17:02,087 - NIDS - INFO - Configuration loaded from environment variables
2025-06-18 17:17:02,087 - NIDS - INFO - NIDS System Starting...
2025-06-18 17:17:02,088 - NIDS - INFO - Mode: web
2025-06-18 17:17:02,088 - NIDS - INFO - Interface: Ethernet
2025-06-18 17:17:02,088 - NIDS - INFO - Model Type: ensemble
2025-06-18 17:17:02,088 - NIDS - INFO - Starting web dashboard on port 5000
2025-06-18 17:17:02,088 - NIDS - INFO - Access the dashboard at: http://localhost:5000
2025-06-18 17:17:11,736 - NIDS - INFO - Packet capture initialized on interface: Ethernet
2025-06-18 17:17:11,737 - NIDS - INFO - Feature extractor initialized with window size: 100
2025-06-18 17:17:11,737 - NIDS - INFO - Initialized isolation_forest anomaly detector
2025-06-18 17:17:11,737 - NIDS - INFO - Initialized one_class_svm anomaly detector
2025-06-18 17:17:11,737 - NIDS - INFO - Initialized local_outlier_factor anomaly detector
2025-06-18 17:17:11,738 - NIDS - INFO - Initialized ensemble with 3 models
2025-06-18 17:17:11,738 - NIDS - INFO - NIDS Anomaly Detector initialized with ensemble model
2025-06-18 17:17:11,761 - NIDS - INFO - Model loaded from models/nids_model_isolation_forest.pkl
2025-06-18 17:17:11,763 - NIDS - INFO - Model loaded from models/nids_model_one_class_svm.pkl
2025-06-18 17:17:11,764 - NIDS - INFO - Model loaded from models/nids_model_local_outlier_factor.pkl
2025-06-18 17:17:11,764 - NIDS - INFO - Ensemble loaded from models/nids_model.pkl
2025-06-18 17:17:11,764 - NIDS - INFO - Model loaded successfully from models/nids_model.pkl
2025-06-18 17:17:11,766 - NIDS - INFO - Packet capture started
2025-06-18 17:17:11,766 - NIDS - INFO - NIDS Anomaly Detection System started successfully
2025-06-18 17:17:13,017 - NIDS - WARNING - ALERT: port_scan - {'src_ip': '10.0.2.15', 'dst_ip': '10.0.2.3', 'dst_port': 53, 'protocol': 17}
2025-06-18 17:17:13,552 - NIDS - WARNING - ALERT: ddos_indicator - {'src_ip': '34.231.73.62', 'dst_ip': '10.0.2.15', 'packet_size': 1494, 'protocol': 6}
2025-06-18 17:17:16,780 - NIDS - WARNING - LOF prediction skipped: not enough samples (need at least n_neighbors+1=21)
2025-06-18 17:17:16,780 - NIDS - WARNING - ML ANOMALY DETECTED - Score: -3.572, Packets: 100
2025-06-18 17:17:21,796 - NIDS - WARNING - LOF prediction skipped: not enough samples (need at least n_neighbors+1=21)
2025-06-18 17:17:26,807 - NIDS - WARNING - LOF prediction skipped: not enough samples (need at least n_neighbors+1=21)
2025-06-18 17:17:31,817 - NIDS - WARNING - LOF prediction skipped: not enough samples (need at least n_neighbors+1=21)
2025-06-18 17:17:36,832 - NIDS - WARNING - LOF prediction skipped: not enough samples (need at least n_neighbors+1=21)
2025-06-18 17:17:41,844 - NIDS - WARNING - LOF prediction skipped: not enough samples (need at least n_neighbors+1=21)
2025-06-18 17:17:46,857 - NIDS - WARNING - LOF prediction skipped: not enough samples (need at least n_neighbors+1=21)
2025-06-18 17:17:51,869 - NIDS - WARNING - LOF prediction skipped: not enough samples (need at least n_neighbors+1=21)
2025-06-18 17:17:56,882 - NIDS - WARNING - LOF prediction skipped: not enough samples (need at least n_neighbors+1=21)
2025-06-18 17:18:01,896 - NIDS - WARNING - LOF prediction skipped: not enough samples (need at least n_neighbors+1=21)
2025-06-18 17:18:06,923 - NIDS - WARNING - LOF prediction skipped: not enough samples (need at least n_neighbors+1=21)
2025-06-18 17:18:11,939 - NIDS - WARNING - LOF prediction skipped: not enough samples (need at least n_neighbors+1=21)
2025-06-18 17:18:14,727 - NIDS - WARNING - ALERT: port_scan - {'src_ip': '10.0.2.15', 'dst_ip': '10.0.2.3', 'dst_port': 53, 'protocol': 17}
2025-06-18 17:18:16,950 - NIDS - WARNING - LOF prediction skipped: not enough samples (need at least n_neighbors+1=21)
2025-06-18 17:18:16,951 - NIDS - WARNING - ML ANOMALY DETECTED - Score: -3.568, Packets: 100
2025-06-18 17:18:17,111 - NIDS - WARNING - ALERT: ddos_indicator - {'src_ip': '3.234.165.166', 'dst_ip': '10.0.2.15', 'packet_size': 1494, 'protocol': 6}
2025-06-18 17:18:21,561 - NIDS - INFO - Packet capture stopped
2025-06-18 17:18:21,954 - NIDS - INFO - NIDS Anomaly Detection System stopped
2025-06-18 17:19:03,337 - NIDS - INFO - Packet capture started
2025-06-18 17:19:03,339 - NIDS - INFO - NIDS Anomaly Detection System started successfully
2025-06-18 17:19:03,349 - NIDS - WARNING - LOF prediction skipped: not enough samples (need at least n_neighbors+1=21)
2025-06-18 17:19:08,364 - NIDS - WARNING - LOF prediction skipped: not enough samples (need at least n_neighbors+1=21)
2025-06-18 17:19:13,378 - NIDS - WARNING - LOF prediction skipped: not enough samples (need at least n_neighbors+1=21)
2025-06-18 17:19:14,748 - NIDS - WARNING - ALERT: port_scan - {'src_ip': '10.0.2.15', 'dst_ip': '10.0.2.3', 'dst_port': 53, 'protocol': 17}
2025-06-18 17:19:17,123 - NIDS - WARNING - ALERT: ddos_indicator - {'src_ip': '18.204.151.146', 'dst_ip': '10.0.2.15', 'packet_size': 1494, 'protocol': 6}
2025-06-18 17:19:18,390 - NIDS - WARNING - LOF prediction skipped: not enough samples (need at least n_neighbors+1=21)
2025-06-18 17:19:18,390 - NIDS - WARNING - ML ANOMALY DETECTED - Score: -3.574, Packets: 100
2025-06-18 17:19:23,406 - NIDS - WARNING - LOF prediction skipped: not enough samples (need at least n_neighbors+1=21)
2025-06-18 17:19:28,419 - NIDS - WARNING - LOF prediction skipped: not enough samples (need at least n_neighbors+1=21)
2025-06-18 17:19:33,431 - NIDS - WARNING - LOF prediction skipped: not enough samples (need at least n_neighbors+1=21)
2025-06-18 17:19:38,444 - NIDS - WARNING - LOF prediction skipped: not enough samples (need at least n_neighbors+1=21)
2025-06-18 17:19:43,458 - NIDS - WARNING - LOF prediction skipped: not enough samples (need at least n_neighbors+1=21)
2025-06-18 17:19:48,473 - NIDS - WARNING - LOF prediction skipped: not enough samples (need at least n_neighbors+1=21)
2025-06-18 17:19:53,485 - NIDS - WARNING - LOF prediction skipped: not enough samples (need at least n_neighbors+1=21)
2025-06-18 17:19:58,510 - NIDS - WARNING - LOF prediction skipped: not enough samples (need at least n_neighbors+1=21)
2025-06-18 17:20:03,536 - NIDS - WARNING - LOF prediction skipped: not enough samples (need at least n_neighbors+1=21)
2025-06-18 17:20:08,549 - NIDS - WARNING - LOF prediction skipped: not enough samples (need at least n_neighbors+1=21)
2025-06-18 17:20:13,560 - NIDS - WARNING - LOF prediction skipped: not enough samples (need at least n_neighbors+1=21)
2025-06-18 17:20:18,586 - NIDS - WARNING - LOF prediction skipped: not enough samples (need at least n_neighbors+1=21)
2025-06-18 17:20:18,586 - NIDS - WARNING - ML ANOMALY DETECTED - Score: -3.579, Packets: 100
2025-06-18 17:20:23,598 - NIDS - WARNING - LOF prediction skipped: not enough samples (need at least n_neighbors+1=21)
